SAMPLE_ID,XYZ_X,XYZ_Y,XYZ_Z,LAB_L,LAB_A,LAB_B,LAB_C,LAB_H,D_RED,D_GREEN,D_BLUE,D_VIS,STDEV_X,STDEV_Y,STDEV_Z,MEAN_DE,STDEV_DE,R,G,B,dR,dG,dB
A1,4.07,3.43,2.55,21.69,11.68,2.2,11.88,10.66,1.26,1.58,1.48,1.43,0.02,0.02,0.05,0.33,0.38,27.0802,17.3139,21.9005,0.569343,0.681287,0.787539
A2,4.89,3.32,2.14,21.27,24.4,5.03,24.91,11.65,1.13,1.77,1.56,1.41,0.04,0.03,0.02,0.18,0.22,32.2706,15.2701,20.4958,0.567176,0.637381,0.710211
A3,5.65,3.19,1.74,20.78,35.65,8.13,36.56,12.84,1.04,2.03,1.66,1.39,0.05,0.02,0.03,0.24,0.27,37.2662,13.339,18.8626,0.500217,0.64741,0.708703
A4,6.19,3.45,1.88,21.76,37.43,8.38,38.36,12.61,1,2.02,1.63,1.35,0.06,0.03,0.04,0.43,0.5,39.1775,13.1113,19.1865,0.486455,0.77816,0.736151
A5,14.1,12.25,9.25,41.61,15.1,2.89,15.38,10.83,0.74,1,0.94,0.88,0.09,0.07,0.14,0.36,0.43,47.3716,28.9679,34.4732,0.536691,0.561925,0.595566
A6,16.42,12.3,8.16,41.68,28.52,6.95,29.35,13.7,0.63,1.1,0.99,0.86,0.09,0.09,0.07,0.4,0.48,56.8403,26.6858,33.3552,0.509035,0.469755,0.560881
A7,18.75,12.1,7.09,41.38,42.34,10.67,43.66,14.15,0.55,1.24,1.06,0.83,0.06,0.04,0.08,0.3,0.39,66.2385,23.5832,32.0456,0.550409,0.501558,0.576404
A8,21.47,11.53,5.82,40.46,59.7,14.7,61.48,13.83,0.49,1.53,1.15,0.82,0.07,0.06,0.05,0.2,0.24,76.1165,20.4317,31.4751,0.587002,0.699515,0.779318
A9,44.76,44.23,35.78,72.38,6.16,1.02,6.25,9.36,0.3,0.37,0.36,0.35,0.28,0.27,0.16,0.25,0.29,79.9575,65.5112,68.3899,0.808143,0.604024,0.709469
A10,46.93,43.84,34.44,72.12,13.47,2.47,13.69,10.4,0.26,0.4,0.38,0.34,0.2,0.21,0.15,0.3,0.33,87.0616,63.8573,68.2272,0.884391,0.660323,0.620133
A11,49.02,43.64,33.22,71.99,19.79,4.04,20.2,11.53,0.22,0.43,0.4,0.34,0.15,0.16,0.15,0.18,0.22,93.7327,62.3563,67.8941,0.998868,0.647717,0.673551
A12,49.98,42.43,31.3,71.16,25.95,5.51,26.53,11.98,0.2,0.47,0.42,0.34,0.18,0.22,0.15,0.22,0.28,98.8641,60.3483,67.0129,0.991897,0.741499,0.778033
A13,75.5,78.68,67.64,91.09,-0.74,-2.54,2.65,253.82,0.11,0.1,0.09,0.11,0.08,0.08,0.11,0.09,0.1,99.9833,99.6251,99.9553,0.250742,0.689712,0.389515
A14,76.4,78.97,67.65,91.22,0.52,-2.32,2.38,282.61,0.1,0.1,0.09,0.1,0.17,0.19,0.17,0.11,0.12,99.999,99.9555,99.986,0.0450973,0.721959,0.430563
A15,76.27,79.2,65.56,91.33,-0.21,-0.19,0.28,223.3,0.1,0.1,0.11,0.1,0.11,0.12,0.15,0.11,0.14,99.9992,99.6383,99.3778,0.0344694,0.493145,0.836364
A16,76.23,78.98,66.13,91.23,0.15,-0.9,0.91,279.77,0.1,0.1,0.1,0.1,0.16,0.16,0.16,0.14,0.16,99.9988,99.8744,99.9251,0.0478741,0.676858,0.625533
A17,75.45,77.86,64.75,90.72,0.77,-0.47,0.91,328.61,0.1,0.11,0.11,0.11,0.11,0.1,0.11,0.1,0.13,99.9992,98.8377,98.3196,0.280064,0.97102,0.874363
A18,75.27,78.57,65.53,91.04,-0.99,-0.66,1.19,213.53,0.11,0.1,0.11,0.11,0.09,0.09,0.22,0.15,0.17,99.9698,99.3768,98.9191,0.387647,0.659616,0.834704
A19,75.73,78.5,67.57,91.01,0.07,-2.61,2.61,271.45,0.11,0.1,0.09,0.11,0.15,0.18,0.12,0.1,0.12,99.8633,98.1154,99.3903,0.551617,0.931909,0.772777
A20,1.57,1.22,0.82,10.73,11.47,3.14,11.89,15.34,1.66,2.08,1.96,1.86,0.02,0.01,0.02,0.31,0.38,23.8198,19.6105,23.4597,1.0152,1.53657,1.64059
A21,5.78,3.7,0.88,22.67,28.99,22.64,36.79,37.99,1.03,1.82,1.92,1.34,0.06,0.03,0.02,0.48,0.58,38.2257,18.0303,19.7176,0.493426,0.666608,0.759015
A22,11.02,6.32,0.94,30.22,43.46,34.63,55.56,38.55,0.74,1.75,1.89,1.08,0.08,0.05,0.02,0.33,0.43,53.4734,18.4167,19.9405,0.568092,0.540862,0.626879
B1,3.87,3.43,2.06,21.68,8.73,6.55,10.91,36.88,1.29,1.55,1.56,1.44,0.02,0.03,0.02,0.26,0.35,26.1733,17.7049,20.3623,0.502587,0.596737,0.800611
B2,4.48,3.37,1.21,21.46,18.25,15.68,24.06,40.68,1.17,1.69,1.78,1.41,0.04,0.03,0.02,0.29,0.36,30.5354,15.8852,17.2238,0.499149,0.537745,0.712661
B3,5.1,3.32,0.6,21.28,26.96,25.42,37.05,43.32,1.08,1.85,2.08,1.39,0.04,0.02,0.01,0.21,0.25,34.6203,14.3525,14.9245,0.544287,0.704304,0.982039
B4,5.64,3.58,0.6,22.24,29.28,27.04,39.85,42.73,1.04,1.85,2.08,1.35,0.07,0.03,0.01,0.39,0.47,36.816,14.4544,14.7695,0.678917,1.00963,1.10231
B5,14.1,12.24,6.9,41.6,15.13,11.86,19.23,38.09,0.72,1.01,1.05,0.88,0.09,0.07,0.11,0.4,0.47,49.0008,28.7272,29.2381,1.15726,1.87597,1.66935
B6,16.08,12.17,4.71,41.49,27.4,22.13,35.23,38.93,0.62,1.11,1.21,0.85,0.07,0.07,0.06,0.26,0.3,58.0676,26.2595,24.3479,0.542985,0.451666,0.651503
B7,18.54,12.17,2.89,41.48,40.82,33.65,52.91,39.5,0.54,1.25,1.41,0.83,0.05,0.05,0.04,0.34,0.4,67.9165,23.1563,20.4241,0.524242,0.540337,0.849287
B8,20.93,11.62,1.22,40.6,56.49,48.5,74.45,40.65,0.48,1.52,1.77,0.81,0.04,0.04,0.02,0.26,0.31,77.3517,20.0556,17.5878,0.525416,0.665208,1.01707
B9,44.43,44.13,33.46,72.32,5.53,4.24,6.97,37.5,0.3,0.38,0.39,0.35,0.16,0.18,0.16,0.21,0.25,80.7692,65.6857,65.4013,0.583358,0.572938,0.823292
B10,46.61,44.14,30.14,72.32,11.72,9.31,14.96,38.47,0.25,0.4,0.43,0.34,0.18,0.2,0.19,0.29,0.36,88.1755,64.329,61.6407,0.542203,0.515682,0.688689
B11,47.96,43.48,26.42,71.88,17.36,14.7,22.75,40.26,0.22,0.43,0.49,0.34,0.18,0.2,0.17,0.19,0.23,94.5797,62.409,58.045,0.537367,0.57373,0.756424
B12,49.08,42.57,23,71.26,23.09,19.8,30.42,40.61,0.2,0.47,0.54,0.34,0.1,0.13,0.11,0.17,0.21,99.9814,60.7712,55.4565,0.183833,0.680158,0.773814
B13,70.05,74.96,67.06,89.38,-4.72,-4.96,6.84,226.42,0.16,0.11,0.1,0.13,0.14,0.12,0.15,0.14,0.17,94.6199,98.8066,99.8856,0.580632,0.534413,0.400923
B14,72.28,71.96,65.76,87.95,6.15,-6.21,8.74,314.76,0.12,0.15,0.11,0.14,0.15,0.2,0.12,0.18,0.21,100,93.5758,99.9986,1.12E-14,0.564043,0.0468158
B15,74.71,77.98,58.88,90.77,-0.99,5.38,5.47,100.4,0.1,0.11,0.15,0.11,0.08,0.08,0.2,0.18,0.23,100,99.5822,92.361,1.12E-14,0.18883,0.766754
B16,64.41,66.71,56.86,85.36,0.2,-1.89,1.9,275.91,0.17,0.17,0.17,0.18,0.11,0.11,0.13,0.13,0.15,94.5802,90.6968,92.2472,0.533617,0.586386,0.786129
B17,70.42,70.51,57.35,87.24,5.25,0.86,5.32,9.28,0.12,0.17,0.16,0.15,0.18,0.19,0.2,0.15,0.17,100,91.7425,92.3176,1.12E-14,0.613915,0.808258
B18,68.26,73.67,58.34,88.77,-5.97,2.47,6.46,157.55,0.16,0.12,0.15,0.14,0.13,0.11,0.11,0.13,0.15,94.176,97.6594,91.8005,0.621924,0.520788,0.860897
B19,66.22,68.11,65.17,86.06,1.22,-8.9,8.98,277.81,0.17,0.16,0.11,0.17,0.17,0.21,0.17,0.17,0.21,92.1578,90.3103,99.3441,0.715411,0.837294,0.8563
B20,3.25,2.32,0.8,17.09,18.95,14.46,23.84,37.34,1.3,1.9,1.96,1.56,0.02,0.02,0.02,0.32,0.43,30.2968,19.3687,22.3743,0.749007,1.27448,1.62714
B21,9.14,5.37,0.85,27.76,39.37,31.94,50.69,39.05,0.82,1.78,1.93,1.16,0.05,0.03,0.02,0.3,0.39,49.4147,18.4637,19.64,0.504005,0.637932,0.732581
B22,31.21,26.74,13.62,58.73,21.17,19.14,28.54,42.12,0.38,0.68,0.77,0.54,0.1,0.08,0.13,0.36,0.45,75.9597,44.3126,41.1688,0.532659,0.528283,0.653565
C1,5.19,5.01,2.73,26.76,4.43,9.5,10.48,65.01,1.18,1.35,1.44,1.28,0.02,0.03,0.05,0.35,0.43,28.5826,21.5324,22.3608,0.663058,0.716876,0.809574
C2,5.51,5.03,1.73,26.83,7.97,18.7,20.32,66.91,1.12,1.38,1.62,1.27,0.07,0.07,0.03,0.38,0.43,30.6344,20.4001,18.2988,0.478502,0.64283,0.709167
C3,5.73,4.9,0.78,26.46,12.04,30.94,33.2,68.74,1.08,1.45,1.94,1.26,0.07,0.04,0.02,0.47,0.59,32.4631,19.3272,14.2963,0.586405,0.600759,0.753931
C4,6.44,5.51,0.82,28.13,12.66,33.08,35.41,69.06,1.03,1.4,1.92,1.21,0.05,0.03,0.01,0.27,0.31,34.9805,20.8211,14.4688,0.567183,0.707732,0.820804
C5,25.91,24.73,12.4,56.81,8.81,19.22,21.14,65.36,0.49,0.66,0.8,0.59,0.12,0.1,0.11,0.39,0.49,63.5528,44.5995,36.5109,0.565727,0.505311,0.581631
C6,27.57,24.33,6.54,56.42,17.26,38.95,42.6,66.1,0.42,0.72,1.06,0.57,0.08,0.12,0.1,0.42,0.52,72.282,42.2511,25.3222,0.522117,0.547156,0.736221
C7,29.61,24.26,2.93,56.35,25.48,58.97,64.24,66.64,0.37,0.78,1.38,0.56,0.06,0.08,0.04,0.27,0.34,79.7782,40.3979,16.8095,0.569595,0.522512,0.590674
C8,30.91,24.37,1.36,56.46,29.88,74,79.8,68.01,0.34,0.82,1.7,0.55,0.11,0.08,0.03,0.43,0.51,83.4844,40.4123,12.8359,0.491873,0.646105,1.01234
C9,51.42,51.86,37.05,77.2,3.76,7.54,8.42,63.51,0.24,0.3,0.34,0.28,0.15,0.18,0.23,0.28,0.33,87.3197,72.9337,67.5068,0.561233,0.558272,0.947501
C10,52.58,51.55,29.99,77.01,7.58,17.63,19.19,66.74,0.21,0.32,0.43,0.27,0.15,0.17,0.24,0.25,0.3,93.6201,72.0411,59.4265,0.499045,0.479109,0.721017
C11,53.44,51.17,24.37,76.78,10.78,26.78,28.87,68.07,0.18,0.34,0.52,0.27,0.2,0.22,0.2,0.2,0.22,98.5404,70.6858,52.2273,0.522988,0.6108,0.678858
C12,54.22,50.72,19.13,76.51,13.94,36.63,39.19,69.17,0.16,0.36,0.61,0.27,0.09,0.13,0.11,0.22,0.26,100,69.8248,46.2884,1.12E-14,0.641589,0.781659
C13,61.85,69.05,66.01,86.53,-10.72,-8.89,13.92,219.67,0.24,0.12,0.1,0.18,0.17,0.11,0.14,0.21,0.24,82.3584,95.7922,99.112,0.662157,0.538819,0.819652
C14,66.76,62.82,62.85,83.35,14.11,-11.36,18.12,321.16,0.14,0.23,0.13,0.19,0.14,0.18,0.18,0.22,0.25,99.9996,83.4264,99.6118,0.0583877,0.596126,0.46972
C15,72.64,76.29,48.87,90,-1.92,14.8,14.92,97.41,0.11,0.12,0.23,0.11,0.08,0.07,0.26,0.23,0.27,100,97.4005,79.8965,1.12E-14,0.443443,0.814989
C16,50.82,52.67,45.11,77.68,0.09,-2.02,2.02,272.6,0.27,0.28,0.26,0.28,0.09,0.09,0.1,0.14,0.17,82.6257,77.7614,80.1796,0.686458,0.687788,0.88561
C17,62.87,59.97,45.73,81.82,11.93,4.38,12.71,20.15,0.14,0.26,0.26,0.21,0.14,0.19,0.15,0.17,0.2,99.9998,79.5837,80.3676,0.0184762,0.605663,0.802496
C18,58.09,66.13,48.01,85.06,-13.32,7.28,15.18,151.35,0.25,0.15,0.23,0.19,0.13,0.09,0.1,0.13,0.16,82.0943,92.3732,79.5394,0.727839,0.581741,0.883515
C19,54.32,55.21,61.44,79.16,2.77,-17.19,17.41,279.14,0.27,0.25,0.14,0.26,0.17,0.19,0.08,0.22,0.25,79.584,79.0464,96.9882,0.757496,0.774675,0.786716
C20,2.04,1.69,0.75,13.79,9.83,9.67,13.79,44.52,1.54,1.91,1.99,1.73,0.01,0.01,0.02,0.25,0.34,25.3688,19.3272,22.4012,0.597712,0.945082,1.36014
C21,24.64,18.68,5.57,50.31,31.47,32.89,45.52,46.26,0.44,0.93,1.13,0.67,0.09,0.07,0.03,0.2,0.23,73.3383,34.3861,28.6101,0.496257,0.493207,0.665753
C22,37.54,34.44,19.68,65.31,14.62,16.17,21.8,47.88,0.32,0.53,0.61,0.44,0.07,0.09,0.16,0.29,0.35,79.7853,53.2816,48.3839,0.529787,0.542233,0.644286
D1,4.78,4.97,2.81,26.65,-0.16,8.75,8.75,91.06,1.24,1.31,1.42,1.3,0.03,0.03,0.03,0.29,0.34,25.8995,21.9074,22.1674,0.757647,0.746713,0.933824
D2,4.75,4.97,1.77,26.64,-0.5,17.95,17.95,91.61,1.23,1.32,1.6,1.29,0.04,0.05,0.03,0.37,0.44,26.306,21.5223,17.9489,0.526307,0.507734,0.720048
D3,5.03,5.33,0.88,27.65,-1.31,31.18,31.2,92.4,1.2,1.3,1.89,1.25,0.05,0.03,0.02,0.42,0.49,26.8932,22.2127,13.8098,0.560018,0.470712,0.667082
D4,5.22,5.54,0.91,28.21,-1.42,31.66,31.69,92.57,1.18,1.28,1.87,1.24,0.03,0.04,0.03,0.27,0.32,28.26,23.4991,14.7525,0.662673,0.588526,0.793843
D5,29.14,30.4,15.96,62,-0.65,18.82,18.83,91.98,0.47,0.53,0.69,0.51,0.18,0.17,0.14,0.34,0.4,62.3665,52.9692,41.1229,0.653502,0.571475,0.66137
D6,28.73,30.18,8.61,61.81,-1.41,40,40.03,92.02,0.46,0.54,0.94,0.5,0.16,0.15,0.07,0.23,0.25,64.6911,53.021,27.4506,0.637673,0.570701,0.71824
D7,28.21,30.02,4.48,61.67,-2.88,58.18,58.25,92.83,0.46,0.55,1.2,0.5,0.13,0.08,0.08,0.46,0.61,64.3766,54.12,17.6546,0.783353,0.558903,0.608849
D8,28.08,29.78,1.8,61.46,-2.47,77.7,77.74,91.82,0.47,0.57,1.59,0.5,0.18,0.16,0.03,0.39,0.5,63.7863,55.8113,10.9801,0.778266,0.525188,0.889724
D9,58.47,60.89,44.06,82.32,-0.59,7.27,7.29,94.63,0.2,0.22,0.27,0.21,0.15,0.19,0.15,0.14,0.16,89.9288,82.797,73.8888,0.69562,0.566201,0.899964
D10,58.29,60.71,35.01,82.22,-0.6,19.07,19.08,91.82,0.19,0.23,0.36,0.21,0.15,0.16,0.26,0.26,0.31,93.3591,82.7635,63.2723,0.660213,0.578785,0.736885
D11,57.59,60.4,27.85,82.06,-1.58,29.81,29.85,93.04,0.18,0.23,0.46,0.21,0.17,0.19,0.2,0.26,0.3,94.8612,82.932,53.9559,0.682257,0.525898,0.734452
D12,55.07,57.64,9.57,80.54,-1.28,68.93,68.94,91.06,0.18,0.28,0.89,0.22,0.19,0.19,0.07,0.19,0.23,95.7389,81.5794,26.8399,0.642223,0.449807,0.753301
D13,54.57,63.41,64.75,83.66,-15.98,-12.65,20.38,218.37,0.33,0.14,0.11,0.22,0.21,0.17,0.11,0.22,0.27,71.4933,93.217,98.3007,0.717299,0.53509,0.833232
D14,61.31,54.29,59.64,78.63,22.08,-16.33,27.46,323.5,0.16,0.32,0.15,0.25,0.16,0.2,0.16,0.22,0.26,99.9566,74.2795,97.8237,0.267778,0.485365,0.570847
D15,70.46,74.15,39.24,88.99,-2.21,24.92,25.01,95.06,0.11,0.14,0.32,0.12,0.16,0.17,0.28,0.3,0.35,100,94.6194,67.8863,1.12E-14,0.481862,0.793072
D16,39.59,40.96,34.6,70.15,0.27,-1.15,1.18,283.38,0.37,0.39,0.38,0.39,0.11,0.08,0.1,0.26,0.29,71.9393,66.6608,68.7588,0.654759,0.541532,0.695246
D17,55.68,50.38,35.31,76.3,18.52,8.44,20.35,24.49,0.17,0.36,0.37,0.27,0.1,0.1,0.16,0.17,0.2,99.965,68.7878,68.9851,0.2506,0.485153,0.738054
D18,48.95,58.71,38.08,81.13,-19.81,12.92,23.65,146.89,0.33,0.18,0.33,0.25,0.14,0.1,0.17,0.21,0.25,71.6473,87.1164,68.0906,0.713302,0.476387,0.645157
D19,44.28,44.17,57.31,72.35,4.96,-24.79,25.28,281.3,0.37,0.35,0.17,0.37,0.21,0.23,0.18,0.27,0.3,69.2672,69.3924,94.5066,0.623008,0.748671,0.765644
D20,15.04,11.5,3.28,40.41,26.02,29.03,38.99,48.12,0.65,1.14,1.35,0.88,0.1,0.08,0.03,0.35,0.41,56.4972,28.7522,26.4502,0.495422,0.80702,1.34507
D21,23.53,22.75,13.33,54.81,7.23,13.16,15.01,61.22,0.54,0.68,0.77,0.63,0.1,0.07,0.07,0.2,0.24,59.9423,44.3141,40.8655,0.489702,0.498803,0.667788
D22,41.5,39.62,22.7,69.2,10.25,16.83,19.71,58.65,0.3,0.45,0.55,0.38,0.09,0.05,0.18,0.32,0.38,81.6487,59.2333,51.9089,0.554542,0.501153,0.740858
E1,4.49,5.04,2.8,26.84,-4.7,9.09,10.23,117.35,1.29,1.28,1.42,1.3,0.03,0.04,0.06,0.4,0.48,24.0436,22.5499,22.2495,0.501633,0.422371,0.634171
E2,4.04,4.98,1.77,26.67,-10.27,18.02,20.74,119.69,1.36,1.26,1.6,1.31,0.04,0.04,0.02,0.37,0.44,21.9583,22.4505,17.5718,0.575725,0.453279,0.686768
E3,4.1,5.5,0.99,28.11,-15.63,30.29,34.09,117.29,1.39,1.19,1.83,1.27,0.06,0.07,0.01,0.42,0.49,20.4473,24.0086,13.6797,0.634957,0.469655,0.728921
E4,3.71,4.98,0.95,26.68,-15.14,28.48,32.25,117.99,1.43,1.24,1.85,1.31,0.05,0.06,0.02,0.36,0.48,19.8211,23.2757,13.7909,0.801736,0.570337,0.78243
E5,13.83,15.69,8.92,46.57,-8,12.62,14.94,122.36,0.82,0.78,0.94,0.81,0.15,0.14,0.11,0.52,0.62,38.4648,38.0749,31.1877,0.660678,0.466281,0.564985
E6,12.62,15.67,5.47,46.54,-15.66,26.86,31.09,120.23,0.88,0.76,1.13,0.81,0.11,0.12,0.05,0.42,0.49,35.5813,39.558,23.2598,0.683723,0.54469,0.671403
E7,11.58,15.75,3.07,46.65,-23.33,41.28,47.41,119.47,0.95,0.74,1.36,0.82,0.06,0.06,0.03,0.17,0.2,32.0629,41.7204,16.7006,0.863643,0.531761,0.72518
E8,10.79,15.78,1.57,46.68,-29.23,54.71,62.03,118.12,1.04,0.72,1.64,0.82,0.07,0.08,0.02,0.29,0.37,28.5373,44.5429,11.8193,0.947783,0.559221,0.973487
E9,40.68,43.78,31.6,72.08,-4.63,6.63,8.09,124.97,0.37,0.35,0.41,0.36,0.24,0.24,0.22,0.35,0.44,69.8041,68.1435,61.2031,0.85982,0.629476,0.779493
E10,39.28,43.55,26.52,71.93,-8.35,14.62,16.83,119.74,0.38,0.34,0.48,0.36,0.17,0.19,0.2,0.31,0.38,68.67,69.452,54.8726,0.768684,0.503252,0.638102
E11,37.93,43.79,22.11,72.09,-13.32,22.93,26.51,120.15,0.4,0.33,0.55,0.36,0.21,0.21,0.16,0.22,0.26,66.7594,71.3541,48.6391,0.604222,0.495949,0.762249
E12,32.62,41.97,11.08,70.85,-25.96,47.33,53.98,118.74,0.49,0.33,0.83,0.39,0.08,0.1,0.09,0.21,0.25,57.5969,74.0179,31.3489,0.702412,0.472988,0.765634
E13,47.06,57.18,63.21,80.28,-21.36,-16.99,27.29,218.51,0.43,0.17,0.12,0.27,0.21,0.2,0.12,0.18,0.22,59.5466,88.7135,97.2545,0.661428,0.509832,0.831563
E14,55.77,46.2,55.85,73.67,30.07,-20.98,36.67,325.09,0.19,0.42,0.19,0.31,0.09,0.12,0.09,0.21,0.26,97.3956,65.1128,95.0753,0.725542,0.583964,0.725485
E15,68.33,71.76,30.5,87.85,-1.86,35.52,35.57,93,0.11,0.16,0.42,0.13,0.18,0.18,0.22,0.28,0.34,100,91.3454,56.5472,1.12E-14,0.58017,0.822725
E16,29.28,30.35,25.47,61.95,0.05,-0.76,0.76,273.96,0.5,0.52,0.51,0.52,0.14,0.13,0.17,0.32,0.37,61.5198,55.8792,57.9893,0.665662,0.655867,0.637316
E17,48.78,41.62,26.17,70.61,25.08,12.94,28.22,27.28,0.2,0.48,0.49,0.35,0.12,0.13,0.25,0.3,0.37,97.5403,58.1723,58.0245,0.544525,0.492513,0.618658
E18,39.92,50.78,29.18,76.55,-26.27,18.14,31.93,145.37,0.44,0.23,0.44,0.31,0.19,0.15,0.23,0.3,0.4,61.0935,80.831,56.8652,0.695896,0.466933,0.709649
E19,35.05,34.17,52.59,65.1,7.28,-32.29,33.1,282.7,0.49,0.46,0.21,0.48,0.18,0.18,0.11,0.22,0.26,58.4546,59.5995,90.597,0.618703,0.599733,0.65414
E20,25.83,17.93,1.33,49.41,40.39,62.24,74.2,57.02,0.4,1.04,1.71,0.66,0.1,0.09,0.03,0.35,0.42,79.4224,31.3618,19.1414,0.586971,0.605954,1.18451
E21,18.42,15.29,3.32,46.03,20.61,38.42,43.6,61.79,0.58,0.96,1.34,0.76,0.1,0.06,0.03,0.31,0.39,61.2743,32.8455,22.1933,0.65529,0.995791,1.44022
E22,31.71,27.38,9.58,59.32,20.44,32.29,38.21,57.66,0.36,0.67,0.91,0.52,0.09,0.09,0.06,0.37,0.41,78.0375,44.7261,33.1723,0.553025,0.469297,0.660385
F1,1.77,2.21,1.6,16.58,-8.62,2.48,8.97,163.95,1.77,1.59,1.66,1.68,0.01,0.01,0.02,0.26,0.32,16.1908,17.4392,19.3889,0.600611,0.51303,0.737438
F2,1.33,2.17,1.27,16.36,-19.61,6.07,20.53,162.79,2.02,1.52,1.75,1.71,0.01,0.03,0.02,0.26,0.29,13.324,17.6252,17.7082,0.940663,0.745227,0.878102
F3,1.39,2.57,1.37,18.23,-25.8,7.95,27,162.87,2.09,1.42,1.71,1.65,0.02,0.03,0.02,0.3,0.36,11.7273,18.4431,17.2008,1.36184,0.970748,1.09732
F4,1.21,2.12,1.19,16.12,-22.29,6.72,23.28,163.23,2.11,1.51,1.77,1.73,0.01,0.02,0.01,0.19,0.22,11.3471,16.9941,16.3765,0.714902,0.597165,0.823711
F5,7.58,9.33,6.82,36.62,-12.62,3.6,13.12,164.06,1.14,0.97,1.05,1.05,0.03,0.04,0.08,0.34,0.44,24.9848,29.6359,28.7969,0.607754,0.485338,0.545342
F6,6.35,9.44,5.79,36.82,-25.73,8.58,27.12,161.56,1.31,0.91,1.11,1.06,0.06,0.08,0.07,0.34,0.42,19.4354,31.8084,26.1171,0.648571,0.454633,0.625583
F7,5.13,9.39,4.89,36.73,-39.28,12.97,41.37,161.73,1.55,0.86,1.18,1.08,0.03,0.05,0.06,0.21,0.24,14.0615,33.7233,23.5723,0.635129,0.425317,0.660785
F8,3.93,9.08,4.04,36.14,-52.73,16.7,55.31,162.42,1.93,0.83,1.25,1.12,0.02,0.03,0.05,0.23,0.28,11.1398,35.6754,22.619,0.903435,0.579115,0.9829
F9,40.48,43.88,35.61,72.15,-5.57,0.84,5.63,171.4,0.38,0.34,0.36,0.36,0.22,0.22,0.18,0.3,0.36,66.6598,68.5652,66.9695,0.549915,0.535483,0.714454
F10,38.38,43.63,34.29,71.98,-11.44,2.45,11.7,167.92,0.42,0.32,0.38,0.37,0.17,0.15,0.16,0.26,0.3,62.7114,70.8895,66.1445,0.57052,0.438203,0.624355
F11,37.06,44.18,33.24,72.35,-17.28,4.62,17.89,165.02,0.46,0.3,0.39,0.37,0.19,0.18,0.19,0.21,0.24,58.7028,73.2908,64.506,0.58259,0.492076,0.6419
F12,29.96,41.95,27.66,70.84,-35.63,10.79,37.22,163.15,0.63,0.28,0.46,0.41,0.15,0.15,0.17,0.25,0.28,44.4705,75.9474,57.467,0.576712,0.491435,0.713727
F13,40.39,51.25,61.33,76.83,-26.03,-21.11,33.51,219.04,0.54,0.2,0.13,0.33,0.2,0.21,0.11,0.17,0.23,49.0409,84.3332,96.2326,0.804949,0.462927,0.654035
F14,50.35,38.78,51.8,68.59,38.04,-25.41,45.74,326.26,0.22,0.53,0.22,0.38,0.17,0.2,0.09,0.26,0.31,94.4931,56.5581,92.4702,0.684743,0.507573,0.684043
F15,66.27,69.16,23.57,86.58,-0.93,45.15,45.16,91.18,0.11,0.19,0.52,0.15,0.16,0.16,0.12,0.23,0.3,100,88.2921,46.9551,1.12E-14,0.566036,0.899158
F16,21.12,21.91,18.55,53.93,-0.02,-1.04,1.04,268.68,0.64,0.66,0.64,0.66,0.1,0.11,0.08,0.27,0.32,52.1455,46.5211,49.1058,0.626032,0.557479,0.635947
F17,42.7,34.13,19.22,65.07,31.68,16.72,35.82,27.82,0.24,0.61,0.62,0.42,0.12,0.14,0.1,0.24,0.29,94.5316,49.4216,49.3676,0.531207,0.481222,0.696037
F18,32.14,43.51,22.24,71.9,-32.19,22.37,39.2,145.21,0.56,0.28,0.55,0.39,0.1,0.11,0.2,0.25,0.31,51.3676,74.9552,48.1892,0.701673,0.460476,0.653426
F19,27.06,25.55,47.59,57.6,10.1,-39.58,40.85,284.32,0.63,0.58,0.26,0.61,0.13,0.12,0.1,0.25,0.3,49.0602,51.3926,87.0563,0.622445,0.527959,0.574591
F20,27.77,26.57,13.41,58.58,8.73,19.44,21.31,65.81,0.46,0.63,0.77,0.55,0.09,0.11,0.18,0.45,0.59,66.6012,47.8091,40.7271,0.590836,0.467431,0.879718
F21,35.85,32.68,12.37,63.9,15.14,31.51,34.96,64.33,0.33,0.57,0.8,0.45,0.11,0.11,0.1,0.24,0.27,80.7635,51.3494,36.8756,0.534893,0.474201,0.638835
F22,40.98,38.4,17.66,68.31,12.53,25.74,28.63,64.05,0.29,0.48,0.65,0.39,0.1,0.08,0.12,0.25,0.29,84.037,57.2093,44.2621,0.645895,0.471982,0.76121
G1,2.76,3.44,3.24,21.74,-9.76,-2.88,10.17,196.47,1.61,1.39,1.37,1.49,0.01,0.01,0.04,0.26,0.29,17.5575,20.0513,23.9445,0.602488,0.580596,0.644215
G2,2.26,3.42,3.53,21.65,-19.21,-5,19.85,194.6,1.84,1.33,1.33,1.52,0.02,0.03,0.05,0.26,0.31,13.7332,20.3344,23.9883,0.637185,0.54754,0.610286
G3,2.14,3.8,4.26,22.99,-27.54,-7.22,28.47,194.7,2.05,1.24,1.25,1.5,0.03,0.04,0.03,0.22,0.27,11.1057,21.6626,25.2788,0.70107,0.543848,0.552275
G4,1.89,3.31,3.55,21.24,-25.71,-5.89,26.37,192.9,2.07,1.3,1.33,1.56,0.01,0.01,0.02,0.16,0.21,10.9769,20.4307,23.9395,0.573221,0.487661,0.515345
G5,10.19,12.33,11.31,41.73,-12.46,-3.57,12.96,195.98,1.03,0.84,0.85,0.93,0.06,0.04,0.13,0.29,0.4,27.8723,34.3509,37.2644,0.418312,0.498294,0.586456
G6,8.83,12.4,11.94,41.85,-23.97,-5.27,24.54,192.39,1.2,0.79,0.82,0.95,0.05,0.07,0.1,0.32,0.37,21.088,36.5859,38.4395,0.470126,0.437743,0.676319
G7,7.39,12.3,12.74,41.69,-36.32,-7.82,37.15,192.15,1.47,0.75,0.79,0.98,0.06,0.08,0.22,0.42,0.52,14.8997,38.8558,40.3414,0.618466,0.451117,0.746887
G8,5.87,11.88,13.24,41.02,-49.11,-10.36,50.19,191.91,1.91,0.71,0.77,1.02,0.06,0.09,0.1,0.21,0.25,10.2566,40.3646,42.0166,0.611528,0.46124,0.830137
G9,40.31,43.82,37.86,72.11,-5.91,-2.34,6.36,201.61,0.39,0.34,0.34,0.37,0.14,0.16,0.1,0.16,0.18,65.3145,68.9383,70.4645,0.791418,0.706957,0.716313
G10,37.91,43.63,38.68,71.98,-12.95,-3.67,13.46,195.82,0.45,0.31,0.33,0.38,0.18,0.2,0.18,0.22,0.25,59.247,71.3966,71.8137,0.542285,0.434141,0.709728
G11,36.11,43.6,39.72,71.96,-18.73,-5.08,19.41,195.18,0.5,0.3,0.32,0.38,0.07,0.11,0.19,0.2,0.23,54.1261,73.5575,73.3334,0.532103,0.523308,0.712434
G12,29.88,41.98,41.86,70.86,-36.04,-9.76,37.34,195.15,0.7,0.26,0.29,0.42,0.15,0.16,0.14,0.18,0.2,38.4159,76.5808,76.0089,0.524492,0.481586,0.767762
G13,34.63,45.84,59.37,73.44,-30.12,-25,39.14,219.69,0.66,0.23,0.15,0.39,0.16,0.17,0.14,0.14,0.17,40.4278,80.1505,95.5233,0.634198,0.476043,0.555093
G14,45.24,32.27,47.68,63.56,45.59,-29.4,54.25,327.18,0.26,0.65,0.26,0.45,0.14,0.17,0.15,0.24,0.3,91.1178,48.942,89.0123,0.698945,0.599003,0.764765
G15,64.4,66.57,17.8,85.29,0.47,54.69,54.7,89.51,0.12,0.21,0.64,0.16,0.12,0.14,0.16,0.22,0.28,100,84.8659,38.0126,1.12E-14,0.536244,0.852286
G16,14.79,15.33,12.91,46.08,0.06,-0.74,0.74,274.91,0.79,0.81,0.79,0.82,0.07,0.1,0.1,0.42,0.49,44.0023,38.4388,41.196,0.668273,0.665722,0.695536
G17,37.09,27.6,13.5,59.52,38.11,20.82,43.43,28.65,0.28,0.75,0.77,0.5,0.14,0.14,0.17,0.28,0.33,90.6566,41.1345,41.0269,0.562801,0.515291,0.676432
G18,25.79,37.18,16.6,67.41,-37.39,26.64,45.91,144.53,0.68,0.33,0.67,0.46,0.1,0.11,0.11,0.21,0.23,43.4871,69.1946,39.7853,0.607407,0.544987,0.793673
G19,20.81,18.75,42.86,50.39,13.75,-46.29,48.29,286.55,0.78,0.72,0.31,0.75,0.08,0.11,0.09,0.26,0.31,41.16,44.0217,82.4047,0.553528,0.485029,0.634709
G20,37.8,36.6,16.24,66.98,8.27,26.72,27.97,72.8,0.33,0.48,0.69,0.41,0.05,0.09,0.14,0.34,0.39,78.3843,56.8682,42.3478,0.641998,0.474714,0.859796
G21,36.75,35.21,10.93,65.91,9.46,39.27,40.39,76.46,0.33,0.52,0.84,0.43,0.21,0.19,0.04,0.27,0.33,79.7364,55.3692,32.6944,0.613817,0.441993,0.6566
G22,47.97,44.61,3.12,72.63,14.14,85.67,86.83,80.63,0.2,0.46,1.36,0.31,0.13,0.12,0.06,0.34,0.46,95.0387,63.0594,12.9896,0.613974,0.459677,0.711941
H1,3.01,3.46,3.9,21.81,-5.61,-7.15,9.09,231.85,1.55,1.4,1.3,1.49,0.04,0.05,0.07,0.39,0.44,18.0818,19.3323,25.5499,0.668184,0.594653,0.64453
H2,2.62,3.4,5.12,21.57,-11.61,-14.4,18.49,231.13,1.77,1.36,1.19,1.53,0.03,0.04,0.06,0.3,0.34,14.0186,19.2829,27.8008,0.576914,0.499062,0.623266
H3,2.29,3.33,6.39,21.34,-17.21,-20.89,27.06,230.52,2.08,1.31,1.1,1.57,0.02,0.03,0.07,0.31,0.36,10.1936,19.8016,30.9837,0.734964,0.543886,0.756519
H4,2.41,3.52,6.83,22,-17.69,-21.61,27.93,230.7,2.07,1.29,1.07,1.54,0.03,0.03,0.08,0.29,0.33,10.8509,21.1615,32.5415,0.78314,0.577991,0.675582
H5,10.83,12.36,13.77,41.78,-7.79,-10.48,13.06,233.37,1.01,0.86,0.77,0.93,0.09,0.09,0.11,0.31,0.37,29.0847,34.1463,42.7267,0.598534,0.493131,0.66348
H6,9.96,12.45,17.31,41.92,-15.05,-18.98,24.23,231.59,1.16,0.81,0.67,0.95,0.06,0.07,0.17,0.3,0.34,22.7034,36.2191,48.6135,0.568574,0.473205,0.729395
H7,8.92,12.32,21.42,41.72,-22.69,-28.07,36.09,231.06,1.41,0.77,0.59,0.98,0.03,0.04,0.11,0.22,0.25,15.4403,38.1394,55.46,0.560501,0.426719,0.782252
H8,7.66,11.88,25.58,41.03,-30.87,-37.03,48.21,230.18,1.92,0.73,0.51,1.03,0.05,0.08,0.12,0.24,0.29,9.56172,39.9998,62.4049,0.743188,0.543227,0.820095
H9,40.74,43.74,41.41,72.06,-4.37,-7.11,8.34,238.44,0.39,0.34,0.3,0.37,0.2,0.2,0.24,0.19,0.22,65.1206,68.4254,75.6889,0.708743,0.595254,0.73649
H10,39.6,43.88,45.44,72.15,-8.28,-11.95,14.54,235.27,0.43,0.32,0.26,0.37,0.18,0.16,0.21,0.23,0.26,60.7474,71.012,80.9309,0.577727,0.455788,0.642123
H11,37.88,43.55,49.13,71.93,-12.8,-16.66,21.01,232.45,0.49,0.3,0.23,0.39,0.08,0.1,0.13,0.16,0.19,54.9797,72.6799,85.9098,0.528348,0.517702,0.737618
H12,32.95,42.61,57.91,71.29,-26.69,-27.23,38.13,225.57,0.68,0.26,0.16,0.42,0.15,0.14,0.12,0.19,0.24,39.0682,76.2113,95.465,0.574793,0.610902,0.651214
H13,29.16,40.33,56.84,69.71,-33.81,-28.86,44.45,220.48,0.81,0.26,0.17,0.45,0.2,0.21,0.13,0.2,0.26,32.1672,75.6326,94.2492,0.639242,0.503494,0.590822
H14,40.03,26.12,43.17,58.15,53.36,-33.3,62.9,328.03,0.3,0.8,0.31,0.53,0.11,0.12,0.12,0.25,0.29,87.473,41.5072,85.3854,0.687491,0.518935,0.727634
H15,62.6,63.94,13.09,83.93,2.21,64.04,64.08,88.02,0.12,0.24,0.76,0.17,0.17,0.2,0.2,0.34,0.44,99.9996,81.9582,30.4099,0.110013,0.525504,0.793223
H16,9.71,10.04,8.69,37.91,0.27,-1.48,1.51,280.51,0.97,1,0.96,1,0.07,0.07,0.06,0.28,0.32,36.4117,30.99,33.7526,0.589876,0.595242,0.545783
H17,32.05,22.03,9.17,54.05,44.4,24.62,50.77,29.01,0.33,0.92,0.94,0.58,0.12,0.13,0.13,0.42,0.46,86.984,33.8767,34.0435,0.522367,0.466552,0.646985
H18,20.14,31.21,12.02,62.68,-42.5,30.44,52.27,144.39,0.82,0.39,0.8,0.54,0.12,0.11,0.15,0.43,0.48,35.652,63.8231,32.9575,0.63945,0.492909,0.651726
H19,15.46,12.98,37.87,42.73,18.49,-53.01,56.14,289.23,0.95,0.88,0.36,0.92,0.12,0.12,0.13,0.28,0.35,33.307,36.9818,78.0308,0.621026,0.512281,0.516215
H20,43.15,43.94,16.97,72.19,2.31,33.99,34.07,86.12,0.28,0.39,0.66,0.34,0.18,0.17,0.19,0.4,0.46,80.8351,64.7971,41.5858,0.640786,0.488082,0.74283
H21,33.26,34.36,22.38,65.25,0.43,10.62,10.63,87.66,0.42,0.47,0.56,0.46,0.18,0.17,0.2,0.43,0.51,66.8323,57.6119,50.6378,0.682773,0.4535,0.604498
H22,37.09,40.41,12.74,69.76,-6.01,40.56,41,98.43,0.37,0.4,0.78,0.38,0.13,0.13,0.15,0.33,0.41,71.1683,64.2833,34.1233,0.784777,0.483448,0.657612
I1,4.88,4.99,6.67,26.71,0.84,-12.81,12.84,273.75,1.32,1.28,1.08,1.32,0.03,0.03,0.14,0.44,0.52,23.0244,22.0926,32.2008,0.458582,0.455393,0.543887
I2,5,4.99,9.87,26.71,2.36,-24.89,25,275.41,1.39,1.26,0.92,1.34,0.05,0.05,0.09,0.36,0.42,20.2619,22.2396,38.2487,0.708261,0.635155,0.622193
I3,5.04,5.02,13.56,26.8,2.51,-35.76,35.85,274.01,1.53,1.23,0.79,1.36,0.05,0.05,0.09,0.29,0.32,16.4452,23.003,45.1425,0.634836,0.533268,0.560682
I4,4.85,4.78,19.93,26.08,3.16,-52,52.09,273.47,2.05,1.18,0.64,1.44,0.02,0.02,0.08,0.26,0.32,9.77508,24.0762,55.6161,0.920944,0.663082,0.517155
I5,15.42,15.92,17.12,46.87,0.41,-10,10.01,272.35,0.8,0.79,0.68,0.81,0.08,0.11,0.12,0.35,0.42,39.2366,37.5593,48.2651,0.560763,0.444451,0.599959
I6,15.51,15.87,21.82,46.8,1.2,-20.09,20.12,273.43,0.83,0.78,0.58,0.82,0.06,0.07,0.21,0.46,0.53,37.0239,38.4069,56.144,0.507269,0.436717,0.671798
I7,15.63,15.89,26.66,46.82,1.83,-28.92,28.98,273.62,0.88,0.77,0.5,0.83,0.07,0.06,0.14,0.23,0.27,34.6935,39.243,63.6025,0.525567,0.401491,0.667897
I8,15.41,15.59,40.7,46.44,2.2,-50.37,50.42,272.5,1.07,0.73,0.33,0.87,0.06,0.07,0.08,0.17,0.21,25.6389,42.1538,81.9154,0.829684,0.64578,0.574049
I9,42.41,43.77,41.31,72.08,0.6,-6.94,6.97,274.96,0.36,0.35,0.3,0.36,0.21,0.21,0.15,0.27,0.3,70.2509,67.4559,76.6906,0.591989,0.451314,0.68879
I10,42.72,44.07,45.9,72.28,0.67,-12.28,12.3,273.11,0.37,0.35,0.26,0.36,0.19,0.18,0.16,0.23,0.27,69.1518,68.6628,82.4588,0.565407,0.484212,0.59506
I11,42.51,43.75,49.45,72.06,0.95,-16.78,16.81,273.26,0.38,0.35,0.23,0.37,0.24,0.19,0.24,0.33,0.37,67.3931,69.0355,87.2683,0.541228,0.507517,0.671581
I12,41.83,42.86,57.06,71.46,1.51,-26.06,26.11,273.32,0.41,0.35,0.17,0.38,0.12,0.09,0.18,0.23,0.27,63.4475,69.1059,96.1671,0.706104,0.582591,0.839003
I13,24.86,35.75,54.38,66.33,-36.64,-32.1,48.71,221.22,0.96,0.3,0.19,0.52,0.07,0.09,0.12,0.09,0.11,25.863,71.1174,92.651,0.659662,1.8799,2.89536
I14,35.74,21.49,39.24,53.48,59.68,-36.31,69.86,328.69,0.35,0.95,0.35,0.6,0.13,0.13,0.1,0.28,0.33,84.6225,35.3251,81.9315,0.599269,0.445729,0.872336
I15,60.52,60.84,9.14,82.29,4.42,73.44,73.58,86.56,0.13,0.28,0.91,0.19,0.12,0.16,0.16,0.37,0.45,100,78.9394,23.1304,1.12E-14,0.442299,0.672604
I16,6.16,6.36,5.32,30.31,0.25,-0.33,0.42,306.97,1.16,1.2,1.17,1.2,0.04,0.04,0.04,0.36,0.42,30.4938,25.1815,27.466,0.609037,0.653436,0.632135
I17,27.84,17.76,5.69,49.2,49.44,30.4,58.04,31.59,0.37,1.1,1.14,0.66,0.11,0.12,0.09,0.33,0.42,83.4917,27.8782,27.4346,0.513949,0.575043,0.7331
I18,15.52,25.91,8.17,57.95,-46.76,34.98,58.4,143.2,0.97,0.46,0.96,0.63,0.06,0.07,0.07,0.2,0.24,28.7414,58.4885,26.1864,0.640197,0.429174,0.65225
I19,11.56,8.89,33.52,35.78,23.38,-58.84,63.31,291.67,1.14,1.05,0.42,1.1,0.04,0.05,0.05,0.25,0.29,26.4323,31.3414,73.3644,0.596568,0.530466,0.565671
I20,43.92,48.37,17.91,75.06,-7.77,36.81,37.62,101.92,0.31,0.32,0.64,0.31,0.15,0.13,0.15,0.31,0.35,75.5572,71.3889,40.4462,0.624898,0.581087,0.791183
I21,11.78,15.8,4.15,46.71,-22.18,34.31,40.86,122.88,0.94,0.73,1.24,0.82,0.05,0.09,0.08,0.38,0.44,34.045,42.7157,21.6256,0.66311,0.486861,0.603895
I22,30.04,38.69,19.19,68.53,-25.37,22.75,34.07,138.12,0.55,0.35,0.61,0.43,0.17,0.15,0.24,0.33,0.45,51.2771,67.5279,43.0752,0.766564,0.566422,0.706234
J1,2.48,2.17,3.5,16.37,8.03,-13.95,16.1,299.91,1.57,1.71,1.36,1.66,0.02,0.03,0.06,0.33,0.4,19.5304,16.5082,25.98,0.611495,0.583636,0.567289
J2,2.82,2.16,5.65,16.3,14.81,-26.13,30.04,299.55,1.57,1.74,1.17,1.67,0.03,0.02,0.08,0.25,0.3,18.7502,15.7274,30.8422,0.562781,0.449761,0.616387
J3,3.27,2.18,8.95,16.38,22.28,-39.54,45.38,299.4,1.61,1.75,0.99,1.69,0.04,0.04,0.09,0.37,0.46,17.3538,15.6587,38.0571,0.895204,0.798129,0.597968
J4,4.05,2.1,19.08,15.98,35.98,-67.61,76.59,298.02,2.18,1.69,0.67,1.82,0.02,0.02,0.08,0.13,0.14,9.95201,16.8368,55.4852,0.794227,0.459503,0.47293
J5,12.49,12.15,13.82,41.45,5.33,-11.2,12.4,295.45,0.87,0.93,0.77,0.92,0.06,0.06,0.1,0.32,0.38,36.8051,31.2293,43.7985,0.5492,0.466388,0.661922
J6,13.35,12.18,17.46,41.5,10.84,-20.03,22.78,298.42,0.85,0.94,0.68,0.92,0.11,0.07,0.16,0.38,0.45,38.3563,31.4246,50.4313,0.530268,0.489819,0.628346
J7,14.34,12.26,22.37,41.63,16.51,-30.08,34.31,298.76,0.84,0.95,0.58,0.91,0.05,0.06,0.21,0.39,0.47,38.8712,31.7784,58.8779,0.536832,0.437548,0.702968
J8,16.16,11.95,36.2,41.14,29.39,-53.45,61,298.81,0.86,0.98,0.39,0.94,0.05,0.07,0.08,0.22,0.31,38.0555,32.9493,78.4986,0.66729,0.538536,0.582164
J9,43.3,43.84,41.11,72.12,3.06,-6.62,7.29,294.82,0.34,0.36,0.31,0.36,0.16,0.21,0.19,0.35,0.39,72.5714,66.4255,76.3556,0.604253,0.507842,0.64947
J10,43.94,43.92,45.33,72.18,4.71,-11.77,12.68,291.82,0.34,0.36,0.27,0.36,0.24,0.26,0.21,0.28,0.35,73.2638,67.1176,81.8319,0.55879,0.43657,0.626965
J11,45.03,43.96,49.12,72.2,7.74,-16.16,17.92,295.59,0.33,0.37,0.23,0.36,0.09,0.11,0.17,0.2,0.23,74.3263,67.0467,86.8484,0.585767,0.47726,0.703087
J12,46.66,43.36,56.35,71.8,14.1,-24.74,28.47,299.68,0.32,0.39,0.18,0.36,0.13,0.15,0.16,0.31,0.35,76.0436,65.7712,95.7164,0.601774,0.492377,0.527302
J13,20.77,31.1,51.46,62.59,-39.04,-35.37,52.68,222.17,1.14,0.34,0.21,0.59,0.12,0.14,0.1,0.15,0.18,20.3267,66.2707,90.0646,0.47575,0.44189,0.625693
J14,31.44,17.24,34.97,48.56,65.84,-38.91,76.48,329.42,0.4,1.14,0.41,0.69,0.06,0.05,0.1,0.15,0.18,80.4726,29.8093,77.5465,0.605297,0.419108,0.792282
J15,58.68,58.03,6.42,80.75,6.68,81.45,81.72,85.31,0.13,0.31,1.06,0.21,0.08,0.07,0.05,0.18,0.25,99.9998,75.6981,17.698,0.0184762,0.452773,0.893036
J16,3.53,3.65,3.13,22.46,0.18,-0.91,0.93,280.95,1.4,1.44,1.39,1.44,0.02,0.03,0.06,0.35,0.4,24.8957,20.2532,22.5498,0.601721,0.673767,0.594281
J17,23.95,14.09,3.39,44.37,54.11,35.05,64.47,32.93,0.43,1.31,1.35,0.74,0.06,0.06,0.02,0.2,0.23,79.2218,22.3693,22.3201,0.422241,0.475425,0.648197
J18,11.6,21.11,5.53,53.07,-50.87,37.83,63.39,143.36,1.16,0.53,1.11,0.72,0.07,0.09,0.1,0.38,0.44,21.9663,52.9639,20.6416,0.748266,0.391214,0.655938
J19,8.39,5.64,29.01,28.5,29.74,-64.43,70.97,294.78,1.39,1.26,0.49,1.32,0.04,0.06,0.08,0.27,0.38,19.5488,25.3263,68.4047,0.586349,0.506385,0.551766
J20,32.1,41.23,24.6,70.33,-25.61,15.25,29.8,149.22,0.54,0.32,0.51,0.41,0.16,0.14,0.16,0.29,0.38,50.5049,69.3559,50.6439,0.705666,0.774067,0.703997
J21,4.79,8.91,1.62,35.81,-39.51,35.36,53.02,138.17,1.55,0.9,1.62,1.09,0.02,0.03,0.01,0.16,0.2,16.1046,34.5296,15.6816,0.588098,0.574537,0.69865
J22,1.55,2.46,1.02,17.73,-19.22,11.98,22.64,148.07,1.91,1.48,1.83,1.65,0.03,0.04,0.04,0.39,0.45,14.8567,19.829,17.8832,0.532125,0.595991,0.671255
K1,5.84,4.92,6.03,26.51,13.07,-10.3,16.64,321.74,1.15,1.39,1.13,1.29,0.03,0.03,0.07,0.25,0.29,29.4265,20.2851,30.9809,0.5512,0.593383,0.677383
K2,7.16,4.88,8.37,26.4,27.36,-20.18,34,323.58,1.04,1.52,1,1.27,0.05,0.05,0.11,0.35,0.41,33.7711,18.4222,36.128,0.54279,0.610645,0.649028
K3,8.5,4.78,10.92,26.09,41.07,-29.34,50.47,324.46,0.96,1.69,0.9,1.26,0.07,0.04,0.06,0.19,0.23,38.4311,16.4432,41.0928,0.553561,0.81066,0.683804
K4,9.52,4.63,13.05,25.65,51.61,-36.34,63.12,324.85,0.92,1.88,0.84,1.25,0.06,0.03,0.07,0.24,0.32,41.6969,15.5761,45.4275,0.547713,0.62613,0.667628
K5,16.95,15.48,16.4,46.29,11.61,-9.32,14.89,321.24,0.71,0.86,0.7,0.8,0.09,0.09,0.13,0.37,0.45,47.0597,34.3663,47.4886,0.576839,0.470755,0.673061
K6,19.2,15.51,20.15,46.32,23.34,-17.56,29.2,323.04,0.64,0.91,0.62,0.79,0.08,0.08,0.09,0.27,0.32,53.3427,32.6489,53.972,0.644912,0.43438,0.697016
K7,21.86,15.77,24.4,46.68,34.72,-25.18,42.89,324.05,0.57,0.96,0.55,0.77,0.1,0.07,0.11,0.36,0.43,59.5702,31.4756,61.3178,0.536206,0.383452,0.662275
K8,27.64,15.38,34.35,46.15,61.8,-42.18,74.82,325.69,0.46,1.16,0.41,0.74,0.06,0.06,0.11,0.18,0.22,72.3053,28.095,76.5328,0.491185,0.629128,0.842063
K9,44.37,43.84,40.93,72.12,6.18,-6.38,8.88,314.11,0.32,0.37,0.31,0.36,0.24,0.22,0.19,0.27,0.32,76.209,65.0852,75.6853,0.575768,0.575247,0.757689
K10,47.1,44.17,44.74,72.34,13,-10.77,16.88,320.35,0.28,0.39,0.27,0.35,0.13,0.16,0.13,0.2,0.26,81.6706,64.6474,81.1676,0.524018,0.542693,0.792758
K11,49.3,44.08,48.65,72.28,19.3,-15.5,24.75,321.24,0.25,0.41,0.24,0.34,0.22,0.24,0.18,0.24,0.29,86.1609,63.2582,86.4986,0.492394,0.501406,0.73735
K12,52.69,42.21,53.88,71.01,33.73,-23.48,41.09,325.16,0.21,0.47,0.2,0.35,0.09,0.11,0.11,0.18,0.21,94.2307,58.4054,93.9564,0.55598,0.50606,0.681662
K13,17.15,26.64,48.04,58.64,-40.55,-38.31,55.79,223.37,1.37,0.39,0.24,0.67,0.04,0.05,0.1,0.09,0.1,16.1138,60.8056,86.6561,0.434528,0.495426,0.709795
K14,27.22,13.59,30.59,43.63,70.97,-40.85,81.89,330.07,0.46,1.38,0.47,0.77,0.09,0.07,0.06,0.17,0.2,76.026,24.7378,72.2001,0.588419,0.51507,0.84522
K15,56.2,54.28,4.06,78.62,9.79,89.86,90.4,83.78,0.15,0.36,1.25,0.23,0.1,0.13,0.06,0.2,0.3,99.979,71.7115,12.7509,0.226511,0.499735,0.67661
K16,1.76,1.81,1.54,14.44,0.38,-0.56,0.68,304.09,1.7,1.75,1.69,1.74,0.01,0.01,0.02,0.21,0.25,20.6517,16.2094,17.9476,0.801534,0.759995,0.655853
K17,20.3,11.01,1.74,39.59,57.85,40.6,70.68,35.06,0.49,1.58,1.63,0.83,0.04,0.04,0.04,0.29,0.35,74.2217,17.6889,17.4339,0.596357,0.601464,0.663925
K18,8.32,16.61,3.43,47.76,-53.86,40.62,67.47,142.98,1.39,0.61,1.31,0.83,0.03,0.03,0.05,0.27,0.4,16.4983,46.9997,15.7757,0.77881,0.467288,0.599882
K19,5.99,3.32,24.36,21.3,37.26,-68.86,78.3,298.41,1.69,1.51,0.57,1.57,0.03,0.03,0.08,0.21,0.27,14.1973,19.6811,62.3409,0.70745,0.59547,0.622527
K20,2.78,3.6,2.36,22.28,-11.72,4.81,12.67,157.67,1.58,1.37,1.49,1.47,0.02,0.03,0.03,0.26,0.3,17.2114,19.5622,21.5541,0.765931,0.716145,0.920612
K21,1.61,2.15,1.88,16.25,-11.15,-1.09,11.2,185.58,1.86,1.57,1.6,1.7,0.03,0.03,0.04,0.3,0.35,14.6027,16.9024,20.3176,0.605055,0.627949,0.70584
K22,2.02,2.56,3.52,18.19,-9.54,-10.96,14.53,228.97,1.83,1.49,1.34,1.64,0.01,0.01,0.04,0.26,0.3,15.0339,18.4544,25.4303,0.547588,0.493112,0.568651
L1,4.11,3.36,3.22,21.43,13.33,-3.29,13.73,346.14,1.27,1.59,1.39,1.44,0.04,0.03,0.03,0.29,0.4,26.6819,17.3761,24.3898,0.49765,0.566659,0.687086
L2,4.92,3.24,3.49,21,25.97,-5.9,26.63,347.2,1.15,1.77,1.37,1.42,0.04,0.02,0.05,0.29,0.34,31.1897,14.8931,24.5044,0.420148,0.483587,0.709212
L3,5.93,3.28,3.95,21.15,37.23,-8.56,38.2,347.06,1.05,1.98,1.33,1.39,0.05,0.02,0.04,0.39,0.45,36.1144,14.2597,26.2689,0.493487,0.913326,0.740194
L4,6.54,3.55,4.15,22.14,39.52,-8.06,40.34,348.47,1.01,1.98,1.31,1.35,0.03,0.03,0.05,0.23,0.26,38.5558,15.0803,27.3214,0.463624,0.659833,0.601477
L5,14.09,12.18,11.5,41.5,15.53,-4.55,16.18,343.66,0.75,1,0.85,0.89,0.11,0.07,0.07,0.3,0.35,45.8682,29.0505,39.1641,0.545248,0.518219,0.598156
L6,16.78,12.19,12.44,41.52,31.24,-7.26,32.07,346.92,0.64,1.1,0.82,0.86,0.07,0.08,0.13,0.32,0.39,55.5081,26.5751,41.707,0.480727,0.546788,0.594967
L7,19.68,12.07,13.23,41.33,47.28,-9.82,48.29,348.26,0.55,1.26,0.81,0.84,0.08,0.07,0.16,0.29,0.35,65.0862,23.3613,44.4323,0.501955,0.459635,0.591095
L8,22.55,11.5,14.34,40.42,64.89,-14.33,66.45,347.54,0.5,1.54,0.79,0.83,0.08,0.06,0.08,0.21,0.25,74.0513,20.1967,47.426,0.448482,0.649255,0.794057
L9,44.9,43.96,38.13,72.2,7.38,-2.56,7.81,340.91,0.3,0.38,0.34,0.35,0.15,0.18,0.28,0.31,0.37,78.4053,63.7021,70.4165,1.12534,1.11666,1.90098
L10,47.48,43.88,38.87,72.15,14.89,-3.64,15.33,346.25,0.26,0.4,0.33,0.34,0.22,0.23,0.17,0.24,0.27,85.1207,62.0827,72.5117,0.678276,0.643642,1.04578
L11,49.67,43.7,40.38,72.02,21.39,-5.84,22.17,344.73,0.23,0.43,0.32,0.34,0.21,0.19,0.39,0.29,0.37,90.6589,60.6374,75.2929,0.688585,0.555056,1.04609
L12,51.6,42.9,41.46,71.48,28.84,-8.16,29.97,344.2,0.2,0.46,0.31,0.34,0.16,0.21,0.21,0.24,0.3,95.4385,58.0249,77.4451,0.674345,0.555617,1.10701
L13,12.83,20.7,42.35,52.62,-40.48,-41.81,58.19,225.93,1.76,0.48,0.29,0.79,0.08,0.12,0.14,0.13,0.18,12.147,52.9976,80.4377,0.69204,0.512376,0.714108
L14,22.64,10.25,25.59,38.29,74.45,-41.77,85.37,330.71,0.55,1.69,0.55,0.88,0.1,0.07,0.14,0.16,0.19,69.6542,20.3169,65.3678,0.577108,0.578937,0.683492
L15,49.17,44.83,1.97,72.78,16.8,95.5,96.97,80.02,0.19,0.48,1.56,0.3,0.1,0.11,0.03,0.26,0.3,95.6767,61.5102,8.59461,0.696232,0.493822,0.757804
L16,0.57,0.59,0.48,5.36,0.09,0.24,0.25,68.6,2.21,2.23,2.19,2.22,0.01,0.01,0.01,0.16,0.2,16.1845,12.9333,14.1169,0.751772,0.790402,0.944249
L17,15.21,7.56,0.55,33.05,58.75,46.66,75.03,38.46,0.62,2.02,2.13,0.98,0.04,0.03,0.01,0.14,0.17,64.8834,13.3375,13.8115,0.462048,0.624931,1.09227
L18,4.49,10.03,1.48,37.9,-52.45,40.63,66.34,142.24,1.81,0.81,1.66,1.06,0.02,0.05,0.04,0.3,0.37,12.313,36.9195,12.296,0.720846,0.460149,0.902989
L19,3.96,1.67,18.67,13.65,44.7,-70.75,83.69,302.29,2.16,1.87,0.69,1.92,0.04,0.04,0.1,0.34,0.47,10.5238,16.0897,54.2054,0.869132,0.728658,0.569333
L20,0.75,0.82,0.92,7.37,-1.37,-4.34,4.55,252.48,2.13,2.06,1.91,2.1,0.01,0.01,0.03,0.36,0.46,12.6632,12.7565,17.8037,0.739031,0.704257,0.857671
L21,1.09,0.99,1.16,8.94,4.77,-5.21,7.06,312.45,1.9,2.05,1.82,1.99,0.02,0.02,0.04,0.35,0.44,15.1483,12.9132,17.9838,0.608595,0.66194,0.703308
L22,2.27,1.78,1.67,14.26,12.88,-2.37,13.1,349.56,1.51,1.9,1.67,1.71,0.02,0.01,0.04,0.35,0.45,20.8993,14.5677,20.1555,0.585645,0.580383,0.667746
GS0,76.65,79.45,67.79,91.44,0.09,-2.08,2.08,272.59,0.1,0.1,0.09,0.1,0.09,0.1,0.13,0.1,0.12,99.4314,96.5049,96.8433,3.02054,2.24507,2.68815
GS1,70.31,72.88,61.69,88.39,0.07,-1.53,1.53,272.56,0.14,0.14,0.13,0.14,0.1,0.13,0.16,0.18,0.22,96.0699,92.3969,92.9507,1.21707,1.17183,1.25573
GS2,64.01,66.43,56.5,85.22,-0.11,-1.76,1.77,266.38,0.18,0.17,0.17,0.18,0.15,0.19,0.16,0.21,0.24,91.1306,87.5232,88.7995,0.979856,1.08528,1.2097
GS3,56.89,59.04,51.05,81.31,-0.09,-2.63,2.63,268.13,0.23,0.23,0.21,0.23,0.19,0.19,0.2,0.19,0.22,85.1454,81.3168,83.9289,1.00008,1.03379,1.20021
GS4,49.88,51.97,43.96,77.26,-0.62,-1.34,1.47,245.18,0.28,0.28,0.27,0.29,0.13,0.1,0.08,0.17,0.2,78.6124,74.9053,76.819,0.828607,0.976177,1.13495
GS5,43.66,45.33,38.46,73.11,-0.13,-1.43,1.43,264.84,0.34,0.34,0.33,0.34,0.22,0.23,0.16,0.29,0.34,72.9949,68.712,71.3484,0.88221,0.917841,1.03859
GS6,38.1,39.72,33.47,69.27,-0.65,-1.03,1.21,237.63,0.39,0.4,0.39,0.4,0.15,0.18,0.24,0.27,0.32,67.66,63.4488,65.7074,0.686114,0.847474,0.992582
GS7,32.65,34.01,28.82,64.97,-0.51,-1.24,1.34,247.79,0.46,0.46,0.45,0.47,0.1,0.12,0.2,0.3,0.36,61.9526,57.6364,60.4665,0.738149,0.701392,0.895945
GS8,28.14,29.24,24.94,60.99,-0.21,-1.48,1.49,261.86,0.52,0.53,0.51,0.54,0.1,0.08,0.11,0.26,0.32,56.9535,52.4208,56.031,0.612921,0.602959,0.960484
GS9,23.82,24.69,20.8,56.77,0.08,-0.86,0.86,275.03,0.59,0.61,0.59,0.61,0.07,0.11,0.16,0.33,0.39,52.3779,47.1362,50.6077,0.587045,0.599881,0.762654
GS10,20,20.7,17.6,52.62,0.18,-1.18,1.19,278.71,0.66,0.68,0.66,0.69,0.16,0.16,0.15,0.44,0.49,47.5372,42.7857,46.2922,0.548417,0.589211,0.702398
GS11,16.64,17.27,14.84,48.59,-0.07,-1.51,1.51,267.42,0.74,0.76,0.73,0.76,0.11,0.13,0.13,0.35,0.39,43.0237,38.5809,42.6091,0.592726,0.487332,0.648587
GS12,13.82,14.33,12.24,44.7,0.06,-1.21,1.21,272.82,0.82,0.84,0.82,0.85,0.08,0.07,0.12,0.44,0.49,38.9558,34.607,38.4845,0.492454,0.499975,0.643675
GS13,11.07,11.44,9.9,40.31,0.29,-1.56,1.58,280.63,0.91,0.94,0.91,0.94,0.06,0.08,0.14,0.38,0.46,34.9772,30.7395,34.6553,0.532736,0.487912,0.622978
GS14,8.9,9.14,7.95,36.25,0.75,-1.58,1.75,295.19,1,1.04,1,1.04,0.07,0.07,0.07,0.31,0.39,31.5243,27.3502,31.4738,0.529268,0.455238,0.643257
GS15,7.03,7.3,6.19,32.49,-0.12,-0.73,0.74,260.31,1.11,1.13,1.1,1.14,0.04,0.05,0.05,0.36,0.42,28.1051,24.3591,28.2691,0.658375,0.567103,0.621558
GS16,5.5,5.64,4.85,28.48,0.7,-1.05,1.26,303.77,1.21,1.25,1.21,1.25,0.04,0.04,0.07,0.26,0.31,25.0458,21.2865,25.3438,0.500734,0.536679,0.587144
GS17,4.11,4.24,3.68,24.47,0.2,-1.12,1.14,280.07,1.34,1.37,1.32,1.37,0.01,0.02,0.06,0.34,0.41,21.6512,18.4273,22.6627,0.621968,0.489077,0.668225
GS18,3.01,3.11,2.74,20.46,0.26,-1.43,1.45,280.19,1.47,1.51,1.45,1.51,0.02,0.04,0.04,0.36,0.42,18.7764,15.9982,20.1507,0.601647,0.543288,0.667832
GS19,2.11,2.16,1.91,16.28,0.74,-1.39,1.57,297.95,1.62,1.67,1.6,1.67,0.02,0.03,0.03,0.21,0.25,16.4078,14.1549,17.8058,0.584981,0.59299,0.726025
GS20,1.4,1.44,1.24,12.19,0.41,-0.81,0.9,296.81,1.8,1.85,1.78,1.84,0.01,0.01,0.02,0.23,0.29,14.8426,12.8249,16.2203,0.612559,0.617072,0.671735
GS21,1.07,1.11,0.96,9.86,0.13,-0.78,0.79,279.77,1.93,1.96,1.89,1.96,0.01,0.01,0.01,0.27,0.33,14.0698,12.6739,16.0689,0.690812,0.607387,0.669981
GS22,0.78,0.81,0.67,7.31,0.16,0.03,0.16,10.56,2.06,2.09,2.04,2.09,0.01,0.01,0.01,0.18,0.21,13.3275,12.6034,15.9433,0.889973,0.815441,0.814618
GS23,0.47,0.48,0.45,4.35,0.08,-0.92,0.92,274.73,2.32,2.31,2.23,2.32,0.01,0.01,0.01,0.13,0.16,13.5141,13.6094,16.669,0.925787,0.786972,0.814445
