,R,G,B,LAB_L,LAB_A,LAB_B,LAB_L_m,LAB_A_m,LAB_B_m,LAB_L_c,LAB_A_c,LAB_B_c,LAB_dE
0,69.325312,44.323584,56.06528,21.69,11.68,2.2,21.5376,12.8,-9.34,20.3263012935,7.49358088165,1.86414619784,4.41571930415
1,82.612736,39.091456,52.469248,21.27,24.4,5.03,22.0596,21.05,-5.62,19.9280335111,15.5576586806,4.45328223344,8.96216923785
2,95.401472,34.14784,48.288256,20.78,35.65,8.13,23.0804,28.35,-0.72,20.4260364343,22.9205046613,8.42586643106,12.7378522023
3,100.2944,33.564928,49.11744,21.76,37.43,8.38,23.904,30.5,-0.06,21.2783380617,25.1255511715,7.93861068919,12.3217808664
4,121.271296,74.157824,88.251392,41.61,15.1,2.89,37.3252,20.85,-8.72,38.2799118089,14.8362621203,2.76091449464,3.34300883892
5,145.511168,68.315648,85.389312,41.68,28.52,6.95,39.4132,33.1,-3.32,39.4442779356,27.0426839874,7.15910328478,2.68786903219
6,169.57056,60.372992,82.036736,41.38,42.34,10.67,41.8144,45.05,2.92,41.1763534481,40.6632430773,12.9231491699,2.81596641989
7,194.85824,52.305152,80.576256,40.46,59.7,14.7,45.1552,56.0,9.16,44.2068233568,55.4666091879,19.3467672644,7.31797301476
8,204.6912,167.708672,175.078144,72.38,6.16,1.02,72.1832,12.8,-13.28,71.128939122,6.87142903034,1.63104140899,1.56353963465
9,222.877696,163.474688,174.661632,72.12,13.47,2.47,72.972,21.6,-11.66,71.6769475797,14.3840695507,3.31990682987,1.32444713372
10,239.955712,159.632128,173.808896,71.99,19.79,4.04,73.9232,29.7,-9.54,72.4402769975,21.7277046272,5.47806879443,2.45468744534
11,253.092096,154.491648,171.553024,71.16,25.95,5.51,74.2828,36.75,-7.46,72.7534810857,28.7509695737,7.57588436005,3.8278571959
12,255.957248,255.040256,255.885568,91.09,-0.74,-2.54,100.1044,-1.95,-19.72,91.0000444808,-5.3173630262,-2.56704762164,4.57832675143
13,255.99744,255.88608,255.96416,91.22,0.52,-2.32,100.3132,-2.35,-19.46,91.1208126477,-5.6336930747,-2.44137560311,6.15568912677
14,255.997952,255.074048,254.407168,91.33,-0.21,-0.19,100.0812,-2.2,-18.92,90.9961954479,-5.43839500229,-2.08728694159,5.57200480238
15,255.996928,255.678464,255.808256,91.23,0.15,-0.9,100.2552,-2.25,-19.46,91.0888742396,-5.54720252445,-2.43145050645,5.90113325884
16,255.997952,253.024512,251.698176,90.72,0.77,-0.47,99.5012,-1.6,-18.22,90.674773944,-4.82286513921,-1.58763914059,5.7036219291
17,255.922688,254.404608,253.232896,91.04,-0.99,-0.66,99.8724,-2.05,-18.56,90.8807709989,-5.26493595344,-1.84657468248,4.43941333488
18,255.650048,251.175424,254.439168,91.01,0.07,-2.61,99.0952,-0.35,-20.36,90.409284508,-3.42957412298,-2.83268620036,3.5577334482
19,60.978688,50.20288,60.056832,10.73,11.47,3.14,22.3612,6.15,-11.24,22.4005341828,1.03536044213,0.936818974902,15.8093983897
20,97.857792,46.157568,50.477056,22.67,28.99,22.64,26.1312,22.85,1.9,25.2479265132,17.4202639987,11.7780376174,16.077522292
21,136.891904,47.146752,51.04768,30.22,43.46,34.63,33.126,37.35,11.92,32.3540588949,31.8802181793,21.3642595102,17.7376837588
22,67.003648,45.324544,52.127488,21.68,8.73,6.55,21.3752,10.4,-6.64,20.476108282,5.41779024356,4.61819891127,4.01894814421
23,78.170624,40.666112,44.092928,21.46,18.25,15.68,21.4796,17.05,-0.22,19.7587258384,11.9959425637,9.69846087569,8.81965863769
24,88.627968,36.7424,38.20672,21.28,26.96,25.42,22.1408,23.2,5.38,19.9357530602,17.9772830933,14.9709397716,13.8448207832
25,94.24896,37.003264,37.80992,22.24,29.28,27.04,23.1848,25.35,7.24,21.1341235866,20.0514380555,16.7125030592,13.8941178657
26,125.442048,73.541632,74.849536,41.6,15.13,11.86,37.3716,21.0,0.66,38.517463666,15.3377471901,11.3576335441,3.1301056215
27,148.653056,67.22432,62.330624,41.49,27.4,22.13,39.158,32.55,12.18,39.6648474065,26.4607679277,22.1309053525,2.05264212535
28,173.86624,59.280128,52.285696,41.48,40.82,33.65,41.8376,44.85,23.1,41.9549131728,39.5467885615,33.9053051598,1.38267516553
29,198.020352,51.342336,45.024768,40.6,56.49,48.5,45.074,55.45,32.46,45.170927987,52.7942424849,45.4652003135,6.61528649494
30,206.769152,168.155392,167.427328,72.32,5.53,4.24,72.2992,12.1,-8.48,71.370332936,6.65037911183,5.25524364661,1.7854513571
31,225.72928,164.68224,157.800192,72.32,11.72,9.31,73.146,19.65,-1.2,72.1909406493,13.2197193959,11.3967007581,2.57296222989
32,242.124032,159.76704,148.5952,71.88,17.36,14.7,73.6216,27.35,5.28,72.7599877449,19.8938587454,17.4064069093,3.81044051675
33,255.952384,155.574272,141.96864,71.26,23.09,19.8,74.2132,33.95,10.32,73.4462938227,25.8829255424,22.3952366101,4.39494787536
34,242.226944,252.944896,255.707136,89.38,-4.72,-4.96,98.5964,-5.35,-21.9,89.8248640505,-8.63488900072,-4.40599397729,3.97884186473
35,256.0,239.554048,255.996416,87.95,6.15,-6.21,96.3228,6.05,-25.24,88.6889598843,0.301369094612,-5.53166803197,5.9340272528
36,256.0,254.930432,236.44416,90.77,-0.99,5.38,99.6172,-5.15,-9.48,90.8143844669,-6.6921800465,3.57259723261,5.98193380331
37,242.125312,232.183808,236.152832,85.36,0.2,-1.89,92.924,1.75,-18.98,86.4321598009,-2.6847859506,-1.99636978485,3.07942058685
38,256.0,234.8608,236.333056,87.24,5.25,0.86,94.6756,5.1,-16.42,87.8162578397,0.413975511892,0.14785182213,4.92202813631
39,241.09056,250.008064,235.00928,88.77,-5.97,2.47,97.2624,-7.85,-12.16,89.1139744993,-9.47825167981,1.49940465932,3.65625540963
40,235.923968,231.194368,254.320896,86.06,1.22,-8.9,92.692,3.55,-29.76,86.0085620655,-2.30987829594,-9.11495812172,3.53679143283
41,77.559808,49.583872,57.278208,17.09,18.95,14.46,24.1476,13.1,-6.32,23.8460972308,7.9497024945,4.74538453902,16.1562727309
42,126.501632,47.267072,50.2784,27.76,39.37,31.94,31.2584,33.45,9.72,30.489767032,27.8247485317,19.1454161278,17.4483763136
43,194.456832,113.440256,105.392128,58.73,21.17,19.14,56.558,29.4,7.98,57.439847505,22.5274569035,18.9667763936,1.88074164174
44,73.171456,55.122944,57.243648,26.76,4.43,9.5,25.1568,7.55,-4.94,25.90626805,2.91243182403,6.59036830035,3.39084473823
45,78.424064,52.224256,46.844928,26.83,7.97,18.7,24.7044,10.1,2.14,25.0712641581,5.78623636209,13.0023833148,6.35018198792
46,83.105536,49.477632,36.598528,26.46,12.04,30.94,24.368,12.75,9.26,24.3813730871,8.6279308802,19.7278571319,11.9027330146
47,89.55008,53.302016,37.040128,28.13,12.66,33.08,26.3284,13.4,11.58,26.8300837717,9.33364022674,22.0137470318,11.6282589538
48,162.695168,114.17472,93.467904,56.81,8.81,19.22,52.5444,15.0,9.52,54.4239309598,10.3683656721,19.9195536504,2.93448536239
49,185.04192,108.162816,64.824832,56.42,17.26,38.95,53.4492,25.1,28.9,55.2953454332,19.3352547893,39.9709651988,2.57175042965
50,204.232192,103.418624,43.03232,56.35,25.48,58.97,54.8992,34.3,43.16,56.8262042218,27.2071027842,58.0522153299,2.01295384662
51,213.720064,103.455488,32.859904,56.46,29.88,74.0,56.2448,37.7,49.5,58.2874544299,30.1457952386,67.100231296,7.14262171546
52,223.538432,186.710272,172.817408,77.2,3.76,7.54,78.5864,9.05,-2.66,76.5586819714,4.69651318711,9.70095733054,2.4409183411
53,239.667456,184.425216,152.13184,77.01,7.58,17.63,79.1548,13.7,10.54,77.4306102794,9.24260265173,20.7265800621,3.53976957803
54,252.263424,180.955648,133.701888,76.78,10.78,26.78,79.3288,18.4,21.72,78.0035651203,13.3397618221,31.2882608847,5.32671647393
55,256.0,178.751488,118.498304,76.51,13.94,36.63,78.9924,19.75,30.02,78.0414343151,14.732336764,39.7726973528,3.58463879075
56,210.837504,245.228032,253.72672,86.53,-10.72,-8.89,94.49,-11.6,-27.0,86.8591452193,-15.375499948,-8.4321239468,4.68952735589
57,255.998976,213.571584,255.006208,83.35,14.11,-11.36,90.1168,19.35,-33.76,84.3542195926,10.8610051784,-11.1524036346,3.40698115517
58,256.0,249.34528,204.53504,90.0,-1.92,14.8,97.5524,-7.1,5.54,89.779514929,-6.23770649906,13.5327214136,4.50524118046
59,211.521792,199.069184,205.259776,77.68,0.09,-2.02,81.4168,3.4,-17.94,78.2832822937,-1.33576616213,-1.72226394564,1.57651686735
60,255.999488,203.734272,205.741056,81.82,11.93,4.38,86.486,16.55,-10.46,82.4459527683,9.9412569474,4.94859016457,2.16106699866
61,210.161408,236.475392,203.620864,85.06,-13.32,7.28,90.9288,-16.7,-3.56,84.8637000352,-16.6623951656,6.25052063695,3.50285124982
62,203.73504,202.358784,248.289792,79.16,2.77,-17.19,82.9132,7.6,-41.04,78.75097567,0.0508223398425,-18.149438648,2.91234451418
63,64.944128,49.477632,57.347072,13.79,9.83,9.67,22.512,7.7,-8.94,22.4025809309,2.70599827648,2.850747477,13.093133919
64,187.746048,88.028416,73.241856,50.31,31.47,32.89,49.656,37.45,19.42,50.6042961111,30.7809827842,30.1471585201,2.8433315509
65,204.250368,136.400896,123.862784,65.31,14.62,16.17,63.3788,22.7,5.76,63.9204584645,16.3036215246,17.0329918947,2.34737345286
66,66.30272,56.082944,56.748544,26.65,-0.16,8.75,24.6348,3.8,-5.42,25.7458975915,-0.648379543573,6.50611416161,2.46798286041
67,67.34336,55.097088,45.949184,26.64,-0.5,17.95,24.1476,2.9,1.82,25.3007967186,-0.812600376761,13.3173896858,4.83241789875
68,68.846592,56.864512,35.353088,27.65,-1.31,31.18,24.6348,0.9,10.08,26.235749257,-1.99339195662,21.3760405772,9.92898535065
69,72.3456,60.157696,37.7664,28.21,-1.42,31.66,26.0964,0.8,10.3,28.065970548,-2.05980711329,21.5344198413,10.1467961039
70,159.65824,135.601152,105.274624,62.0,-0.65,18.82,58.008,2.95,9.26,59.9709843834,0.706280174221,19.2621555664,2.48030276945
71,165.609216,135.73376,70.273536,61.81,-1.41,40.0,58.0776,1.75,30.34,60.45163216,1.95525871235,39.7183317128,3.6399816502
72,164.804096,138.5472,45.195776,61.67,-2.88,58.18,58.5184,-1.85,43.66,61.1517249219,1.20945626486,54.9388007192,5.24381868266
73,163.292928,142.876928,28.109056,61.46,-2.47,77.7,59.4464,-5.6,51.06,62.1329710661,-0.602809943091,64.131763077,13.7126343918
74,230.217728,211.96032,189.155328,82.32,-0.59,7.27,85.8132,0.55,-2.12,81.8750121231,-2.2177986492,9.35404716943,2.68160311332
75,238.999296,211.87456,161.977088,82.22,-0.6,19.07,85.9988,0.2,13.88,82.410083942,-1.5156604413,21.6660510066,2.75935622519
76,242.844672,212.30592,138.127104,82.06,-1.58,29.81,86.0568,-1.2,27.42,82.7439467152,0.81825333651,33.4751534682,4.43314246565
77,245.091584,208.843264,68.710144,80.54,-1.28,68.93,84.6764,-3.5,60.38,82.419554727,3.29797505761,72.6443605466,6.18765350272
78,183.022848,238.63552,251.649792,83.66,-15.98,-12.65,91.0564,-16.8,-31.04,84.4571608717,-21.6352323866,-11.5682755638,5.81267980861
79,255.888896,190.15552,250.428672,78.63,22.08,-16.33,84.6184,30.85,-39.26,80.0138890513,21.8729652902,-15.7734142806,1.50592162491
80,256.0,242.225664,173.788928,88.99,-2.21,24.92,95.2208,-7.5,19.54,88.5823820574,-4.62108079009,24.4321412668,2.49348533323
81,184.164608,170.651648,176.022528,70.15,0.27,-1.15,71.1044,4.0,-15.66,70.3808092749,-0.737995252013,-0.541294935107,1.1999371673
82,255.9104,176.096768,176.601856,76.3,18.52,8.44,79.4332,27.1,-3.24,77.2918360744,19.2281050993,10.7821884403,2.64026482003
83,183.417088,223.017984,174.311936,81.13,-19.81,12.92,84.978,-23.9,4.74,80.8673420048,-23.2032781362,11.6958219896,3.61689611868
84,177.324032,177.644544,241.936896,72.35,4.96,-24.79,74.5032,11.8,-50.2,71.9727010882,3.20109395505,-26.8763557455,2.75481128947
85,144.632832,73.605632,67.712512,40.41,26.02,29.03,39.9932,28.0,9.5,40.8962595995,21.9687905353,19.5847144683,10.2889341187
86,153.452288,113.444096,104.61568,54.81,7.23,13.16,51.5468,13.05,0.88,53.4081398505,8.21041582868,12.2322670465,1.9460512606
87,209.020672,151.637248,132.886784,69.2,10.25,16.83,67.7172,17.25,6.16,67.8670400359,11.7849846388,17.2114439072,2.06844375355
88,61.551616,57.727744,56.95872,26.84,-4.7,9.09,24.658,0.65,-5.6,26.1993800325,-4.00448280153,6.65216281444,2.61480176292
89,56.213248,57.47328,44.983808,26.67,-10.27,18.02,23.7068,-3.95,1.72,25.6458497788,-7.08645998186,13.8320128911,5.35938865425
90,52.345088,61.462016,35.020032,28.11,-15.63,30.29,24.484,-10.0,9.76,27.426352705,-11.9919988051,21.8378501678,9.22720234433
91,50.742016,59.585792,35.304704,26.68,-15.14,28.48,23.7068,-9.55,8.56,26.3941939368,-11.7493983066,20.7094628129,8.48287174989
92,98.469888,97.471744,79.840512,46.57,-8.0,12.62,40.956,-4.1,1.68,44.5941800921,-6.57274888412,13.2209686197,2.51039306445
93,91.088128,101.26848,59.545088,46.54,-15.66,26.86,41.072,-12.6,14.94,45.5210208976,-12.8429611875,25.3976581152,3.33353714102
94,82.081024,106.804224,42.753536,46.65,-23.33,41.28,41.9188,-21.5,25.84,47.0345120906,-20.2512925748,36.0701529966,6.06372779374
95,73.055488,114.029824,30.257408,46.68,-29.23,54.71,43.5892,-29.95,33.74,49.1311839975,-28.6619491326,44.0468599817,10.9559819199
96,178.698496,174.44736,156.679936,72.08,-4.63,6.63,71.1624,-3.4,-3.96,70.8158557383,-5.52428393741,7.8470962135,1.96955011815
97,175.7952,177.79712,140.473856,71.93,-8.35,14.62,71.4756,-8.85,6.14,71.3052858964,-8.91545308462,15.3334772415,1.10410809089
98,170.904064,182.666496,124.516096,72.09,-13.32,22.93,72.1252,-15.5,16.3,71.9846002024,-13.3674220372,23.1073315346,0.211670593402
99,147.448064,189.485824,80.253184,70.85,-25.96,47.33,71.8468,-32.9,39.84,71.8882583119,-27.8720231981,44.0477507693,3.93788941499
100,152.439296,227.10656,248.97152,80.28,-21.36,-16.99,86.2888,-19.75,-36.72,81.2442581542,-26.344135025,-15.6861102843,5.24132846961
101,249.332736,166.688768,243.392768,73.67,30.07,-20.98,78.5864,39.95,-44.24,74.7708297608,32.6083772622,-21.0701924102,2.76827021049
102,256.0,233.844224,144.760832,87.85,-1.86,35.52,92.6804,-6.4,32.18,87.2512021841,-2.10764591499,36.3939792728,1.08799223019
103,157.490688,143.050752,148.452608,61.95,0.05,-0.76,60.8152,4.75,-13.82,61.8808160376,-0.0422073329369,0.415102903194,1.18074359875
104,249.703168,148.921088,148.54272,70.61,25.08,12.94,72.16,35.8,3.48,71.3639381589,27.8285498247,16.4065890586,4.48778214573
105,156.39936,206.92736,145.574912,76.55,-26.27,18.14,78.3196,-29.8,12.02,76.3404774402,-29.4214760381,17.3345640563,3.25951345772
106,149.643776,152.57472,231.92832,65.1,7.28,-32.29,65.6872,15.75,-57.94,64.3710515972,6.68354033294,-35.7844501032,3.61915893992
107,203.321344,80.286208,49.001984,49.41,40.39,62.24,50.3868,45.6,35.7,51.5381862108,39.1850545699,49.2720467818,13.1965480602
108,156.862208,84.08448,56.814848,46.03,20.61,38.42,43.9488,26.25,21.9,45.5341837574,20.450448859,32.4233053133,6.01927217186
109,199.776,114.498816,84.921088,59.32,20.44,32.29,57.1264,29.05,21.62,58.4388439866,22.3739666863,32.3066596859,2.12530953252
110,41.448448,44.644352,49.635584,16.58,-8.62,2.48,18.1852,-0.85,-9.76,17.4372899413,-5.29758593156,3.01600877965,3.4728499388
111,34.10944,45.120512,45.332992,16.36,-19.61,6.07,17.5588,-5.3,-7.46,17.1433584793,-9.82494448293,5.65588119997,9.82509319852
112,30.021888,47.214336,44.034048,18.23,-25.8,7.95,17.9648,-8.65,-5.92,18.2932430804,-13.1211277049,7.45023789106,12.6888756211
113,29.048576,43.504896,41.92384,16.12,-22.29,6.72,16.48,-7.15,-6.46,15.6706470111,-11.6754289988,6.80945152218,10.6244546788
114,63.961088,75.867904,73.720064,36.62,-12.62,3.6,31.1888,-6.2,-8.24,34.6857512042,-10.2858790586,4.92515277565,3.30839369664
115,49.754624,81.429504,66.859776,36.82,-25.73,8.58,31.8616,-16.35,-2.62,36.6121626835,-20.24126466,10.4815910799,5.81252618215
116,35.99744,86.331648,60.345088,36.73,-39.28,12.97,32.7316,-24.75,2.94,38.4448971506,-29.3365033565,15.7885758915,10.4765627852
117,28.517888,91.329024,57.90464,36.14,-52.73,16.7,34.1932,-29.6,6.5,40.4143966619,-35.0029808482,18.9585243212,18.3744008594
118,170.649088,175.526912,171.44192,72.15,-5.57,0.84,71.174,-4.25,-12.92,70.6742839533,-7.44907257145,1.1763377952,2.41283540504
119,160.541184,181.47712,169.32992,71.98,-11.44,2.45,71.9976,-11.35,-10.58,71.4834699837,-13.7487700181,2.56649919187,2.36443082272
120,150.279168,187.624448,165.13536,72.35,-17.28,4.62,72.914,-18.8,-6.88,72.329891601,-20.7517944404,4.799969672,3.4765140683
121,113.84448,194.425344,147.11552,70.84,-35.63,10.79,72.5312,-36.95,2.98,72.3140889724,-42.2301289194,10.7767933411,6.76275198913
122,125.544704,215.892992,246.355456,76.83,-26.03,-21.11,81.9156,-21.0,-41.86,78.2781974462,-29.1427938178,-19.5154451486,3.78541495346
123,241.902336,144.788736,236.723712,68.59,38.04,-25.41,72.9836,47.85,-48.84,69.4801507275,43.8673962408,-26.7208673626,6.03898075073
124,256.0,226.027776,120.205056,86.58,-0.93,45.15,90.4184,-4.65,42.44,86.0442559233,0.427844583165,47.9640313019,3.1701002817
125,133.49248,119.094016,125.710848,53.93,-0.02,-1.04,51.5468,5.35,-13.02,53.6527846987,0.451466864994,0.651473542826,1.77769853298
126,242.000896,126.519296,126.381056,65.07,31.68,16.72,66.1048,42.2,8.7,66.0034177872,34.9962024722,20.9215698376,5.43338354088
127,131.501056,191.885312,123.364352,71.9,-32.19,22.37,72.1948,-34.45,16.56,72.0801926969,-35.3303328172,21.5127170997,3.26022906888
128,125.594112,131.565056,222.864128,57.6,10.1,-39.58,58.1472,19.35,-64.3,57.3914845846,10.2861383317,-44.1981218462,4.62657276426
129,170.499072,122.391296,104.261376,58.58,8.73,19.44,55.7112,14.8,7.04,57.3206782589,10.0236915163,17.6863434231,2.51691087978
130,206.75456,131.454464,94.401536,63.9,15.14,31.51,61.9984,23.45,22.04,63.1586256876,17.5415970337,32.3851629005,2.6614308719
131,215.13472,146.455808,113.310976,68.31,12.53,25.74,66.8008,20.35,16.92,67.3430156667,14.7810957014,27.0959257622,2.80018307081
132,44.9472,51.331328,61.29792,21.74,-9.76,-2.88,21.1896,-0.8,-14.06,21.8013132526,-5.61694963327,-0.791142738778,4.64025325968
133,35.156992,52.056064,61.410048,21.65,-19.21,-5.0,20.6908,-4.75,-14.96,21.6972753708,-10.063420304,-1.0997166744,9.94355897633
134,28.430592,55.456256,64.713728,22.99,-27.54,-7.22,21.6072,-7.95,-16.1,23.4281742983,-13.5820284476,-1.68114422744,15.0231784201
135,28.100864,52.302592,61.28512,21.24,-25.71,-5.89,20.3312,-7.15,-15.46,21.5557723565,-12.6908495841,-1.23499459998,13.8299336588
136,71.353088,87.938304,95.396864,41.73,-12.46,-3.57,36.2812,-5.5,-15.78,39.9324269219,-10.3476190765,-1.48484717125,3.47005539669
137,53.98528,93.659904,98.40512,41.85,-23.97,-5.27,37.1512,-13.6,-16.68,41.6971834781,-19.0654650391,-1.58678097766,6.1354639954
138,38.143232,99.470848,103.273984,41.69,-36.32,-7.82,38.578,-19.25,-17.94,43.6965204768,-25.8084938588,-2.19035049849,12.091767418
139,26.256896,103.333376,107.562496,41.02,-49.11,-10.36,39.6916,-21.95,-19.22,45.0401973767,-29.346812387,-3.03150034208,21.4581564635
140,167.20512,176.482048,180.38912,72.11,-5.91,-2.34,71.4176,-4.25,-18.0,70.7700935494,-8.10641569616,-2.50691984159,2.57826558761
141,151.67232,182.775296,183.843072,71.98,-12.95,-3.67,72.1484,-12.05,-19.16,71.4870833497,-15.7843680412,-3.56273478895,2.87890862003
142,138.562816,188.3072,187.733504,71.96,-18.73,-5.08,73.0068,-18.1,-20.36,72.2380882801,-22.3975650125,-4.59228650164,3.71028714107
143,98.344704,196.046848,194.582784,70.86,-36.04,-9.76,73.5752,-30.7,-23.84,72.8808906927,-39.0682598456,-7.3442612979,4.36922766185
144,103.495168,205.18528,244.539648,73.44,-30.12,-25.0,78.0064,-20.45,-46.78,75.5460414586,-29.6760224765,-23.3771728134,2.6955694657
145,233.261568,125.29152,227.871488,63.56,45.59,-29.4,67.7984,53.6,-51.54,64.3768625598,53.4819306297,-31.0169115998,8.09717460765
146,256.0,217.256704,97.312256,85.29,0.47,54.69,88.0056,-1.8,51.22,84.7158193877,3.38316603925,59.6567343452,5.78659397261
147,112.645888,98.403328,105.46176,46.08,0.06,-0.74,43.2528,5.8,-11.98,45.7843576925,0.860741451522,1.14893433093,2.07283963507
148,232.080896,105.30432,105.028864,59.52,38.11,20.82,60.212,47.3,14.0,60.4721113967,41.3777721614,25.7306700808,5.97490850584
149,111.326976,177.138176,101.850368,67.41,-37.39,26.64,66.418,-37.55,21.36,67.9588580662,-39.427505129,26.4456577116,2.11906612747
150,105.3696,112.695552,210.956032,50.39,13.75,-46.29,51.2336,22.5,-67.96,50.6529787794,13.8455944684,-50.3046038153,4.02434341663
151,200.663808,145.582592,108.410368,66.98,8.27,26.72,64.8752,14.55,17.08,65.7744305129,10.4038348965,26.8305642546,2.45333927706
152,204.125184,141.745152,83.697664,65.91,9.46,39.27,63.9704,15.9,30.58,65.3242253552,12.2478116665,40.6986496561,3.18685827462
153,243.299072,161.432064,33.253376,72.63,14.14,85.67,72.798,19.4,63.28,73.9744932637,16.2634047705,83.8312827892,3.11406341247
154,46.289408,49.490688,65.407744,21.81,-5.61,-7.15,20.8764,2.15,-17.58,20.9053369169,-3.55432738745,-4.31329174937,3.61816512656
155,35.887616,49.364224,71.170048,21.57,-11.61,-14.4,20.2732,0.6,-22.86,20.2628779051,-6.02089020524,-8.83613733727,7.993952977
156,26.095616,50.692096,79.318272,21.34,-17.21,-20.89,20.5632,0.05,-28.48,20.7339586488,-12.5014741468,-13.7617073061,8.56446487293
157,27.778304,54.17344,83.30624,22.0,-17.69,-21.61,22.048,-0.45,-29.06,22.8475133221,-6.60362164476,-14.097989513,13.4185083159
158,74.456832,87.414528,109.380352,41.78,-7.79,-10.48,36.8728,-0.4,-24.42,39.8914675392,-5.60000917801,-9.10858355842,3.20053084852
159,58.120704,92.720896,124.45056,41.92,-15.05,-18.98,38.114,-3.85,-32.82,41.4703848762,-10.7200390443,-15.7672904748,5.41038059018
160,39.527168,97.636864,141.9776,41.72,-22.69,-28.07,39.6916,-4.55,-42.12,43.0347573018,-12.5908521839,-23.5912514989,11.1256712836
161,24.4780032,102.399488,159.756544,41.03,-30.87,-37.03,41.71,-2.6,-50.66,44.6833719769,-11.4245091149,-31.3529241053,20.5840577457
162,166.708736,175.169024,193.763584,72.06,-4.37,-7.11,71.4176,-0.95,-26.08,70.5289234128,-5.86914968255,-8.31025523325,2.45606553487
163,155.513344,181.79072,207.183104,72.15,-8.28,-11.95,72.8328,-5.1,-32.14,71.6187904439,-10.7446146085,-12.7233116687,2.63714233552
164,140.748032,186.060544,219.929088,71.93,-12.8,-16.66,73.5172,-8.55,-38.82,72.1169400152,-15.1219856306,-17.6633278587,2.53638140465
165,100.014592,195.100928,244.3904,71.29,-26.69,-27.23,75.0368,-15.85,-51.22,73.2729156232,-25.0794452257,-27.1545405388,2.55568683136
166,82.348032,193.619456,241.277952,69.71,-33.81,-28.86,73.9348,-19.0,-51.1,72.5937031932,-28.9504482061,-27.0895484098,5.92161182259
167,223.93088,106.258432,218.586624,58.15,53.36,-33.3,62.7524,58.55,-53.74,59.1838099295,62.8449999224,-35.1022968155,9.70990526778
168,255.998976,209.812992,77.849344,83.93,2.21,64.04,86.0104,0.9,58.16,83.5910802589,5.26174413043,70.0871140047,6.78200535347
169,93.213952,79.3344,86.406656,37.91,0.27,-1.48,35.3184,6.05,-10.78,37.6939915349,1.11450272888,1.84590049808,3.43823481444
170,222.67904,86.724352,87.15136,54.05,44.4,24.62,55.1776,51.4,18.6,55.4904969381,46.9773203376,30.1664184341,6.28334059218
171,91.26912,163.387136,84.3712,62.68,-42.5,30.44,60.9776,-40.2,24.44,63.9651406822,-43.5089259579,30.1862206304,1.65345762877
172,85.26592,94.673408,199.758848,42.73,18.49,-53.01,44.5636,25.95,-71.64,43.6886691122,18.0354980597,-56.9099183493,4.04165580077
173,206.937856,165.880576,106.459648,72.19,2.31,33.99,70.5476,5.85,25.42,70.8682893979,4.80203199096,33.8552723345,2.82405628545
174,171.090688,147.486464,129.632768,65.25,0.43,10.62,62.7524,4.3,0.78,63.8480967933,1.05304462856,12.1051394105,2.13521808695
175,182.190848,164.565248,87.355648,69.76,-6.01,40.56,67.5896,-5.5,32.1,68.6318795384,-2.67001239458,39.8172968747,3.60274630144
176,58.942464,56.557056,82.434048,26.71,0.84,-12.81,25.0408,6.8,-23.62,25.6776597857,0.627666518129,-10.0335502239,2.96976180606
177,51.870464,56.933376,97.916672,26.71,2.36,-24.89,25.3424,9.15,-34.32,25.5983910391,2.12684241876,-19.9648787292,5.05438982189
178,42.099712,58.88768,115.5648,26.8,2.51,-35.76,26.34,11.65,-45.2,26.3240604606,3.9258637593,-30.4666656788,5.50005244216
179,25.0242048,61.635072,142.377216,26.08,3.16,-52.0,28.3236,17.7,-60.46,27.5553156501,9.57589224374,-46.8994996621,8.3279849452
180,100.445696,96.151808,123.558656,46.87,0.41,-10.0,42.116,6.65,-25.86,44.3745395497,0.393391833557,-10.5417557377,2.5536440569
181,94.781184,98.321664,143.72864,46.8,1.2,-20.09,43.102,8.75,-37.74,44.9367064204,1.42741067546,-20.7640914137,1.99448685458
182,88.81536,100.46208,162.8224,46.82,1.83,-28.92,44.1692,11.35,-48.58,45.508561531,3.19821518712,-30.6857219754,2.59030070661
183,65.635584,107.913728,209.703424,46.44,2.2,-50.37,47.6144,17.65,-73.06,47.616678568,8.3254985415,-56.5089481591,8.75174207426
184,179.842304,172.687104,196.327936,72.08,0.6,-6.94,71.8584,5.3,-26.86,70.6863189873,-0.713294033175,-8.75717599144,2.63992737903
185,177.028608,175.776768,211.094528,72.28,0.67,-12.28,72.914,5.7,-34.2,71.3325229758,-1.06227705087,-14.1795359105,2.73984181435
186,172.526336,176.73088,223.406848,72.06,0.95,-16.78,73.2388,6.55,-41.12,71.3909543166,-0.941358623627,-19.5217871306,3.39738962131
187,162.4256,176.911104,246.187776,71.46,1.51,-26.06,73.4128,9.1,-54.48,71.0931130606,0.273787158009,-30.7518941761,4.86587085494
188,66.20928,182.060544,237.18656,66.33,-36.64,-32.1,70.014,-16.4,-54.72,69.5943834138,-26.6422377657,-30.5477023601,10.6311371324
189,216.6336,90.432256,209.74464,53.48,59.68,-36.31,58.7156,62.3,-54.6,54.8950139966,70.5791679799,-37.6426457039,11.0711368809
190,256.0,202.084864,59.213824,82.29,4.42,73.44,83.992,4.1,63.88,82.4081471743,7.86535892917,79.757155308,7.19659003214
191,78.064128,64.46464,70.31296,30.31,0.25,-0.33,28.8804,6.05,-8.98,30.5665851466,1.2063573389,3.19915856181,3.66543523358
192,213.738752,71.368192,70.232576,49.2,49.44,30.4,50.99,53.95,23.94,51.2646436527,50.6220199218,35.7297456018,5.83661825793
193,73.577984,149.73056,67.037184,57.95,-46.76,34.98,55.6648,-41.95,27.66,59.9201107521,-46.2869949694,34.360146976,2.11879397435
194,67.666688,80.233984,187.812864,35.78,23.38,-58.84,38.926,27.95,-73.14,37.5963706067,20.7318693584,-60.7273206267,3.72475196806
195,193.426432,182.755584,103.542272,75.06,-7.77,36.81,73.6448,-9.0,30.48,73.3675679806,-5.33779677773,36.896746542,2.96436563491
196,87.1552,109.352192,55.361536,46.71,-22.18,34.31,43.2528,-19.3,20.1,48.1125541087,-18.7593578615,30.1037441764,5.60004809989
197,131.269376,172.871424,110.272512,68.53,-25.37,22.75,66.3832,-27.35,16.7,67.7709726692,-26.5881138762,23.2130994718,1.50810643689
198,49.997824,42.260992,66.5088,16.37,8.03,-13.95,19.0204,8.9,-21.2,17.1281016961,2.88523184525,-8.62116250976,7.44579522584
199,48.000512,40.262144,78.956032,16.3,14.81,-26.13,18.9276,13.35,-30.64,16.1737880456,6.72587967232,-17.9905364512,11.472567184
200,44.425728,40.086272,97.426176,16.38,22.28,-39.54,19.8092,18.7,-42.76,16.459026201,11.7301229667,-30.3959524094,13.9613665842
201,25.4771456,43.102208,142.042112,15.98,35.98,-67.61,23.3472,30.35,-68.32,19.0064927357,24.7252449228,-59.8902675943,13.9793933539
202,94.221056,79.947008,112.12416,41.45,5.33,-11.2,36.548,11.8,-26.62,38.1139212735,5.27763911613,-12.1741418237,3.4757898706
203,98.192128,80.446976,129.104128,41.5,10.84,-20.03,37.8472,17.05,-36.1,38.6964984006,9.86462599213,-20.9075873432,3.09534088886
204,99.510272,81.352704,150.727424,41.63,16.51,-30.08,39.3204,22.7,-48.2,39.3048710678,15.2274121239,-32.6069190397,3.66559354603
205,97.42208,84.350208,200.956416,41.14,29.39,-53.45,43.0324,35.05,-74.8,40.905808247,29.5482361626,-62.7079754393,9.26228879355
206,185.782784,170.04928,195.470336,72.12,3.06,-6.62,71.6496,8.55,-26.6,70.4366211999,2.1806363688,-8.53053120221,2.69391426275
207,187.555328,171.821056,209.489664,72.18,4.71,-11.77,72.6936,11.0,-33.48,71.0233693202,3.77935875729,-13.6208226931,2.37264247066
208,190.275328,171.639552,222.331904,72.2,7.74,-16.16,73.32,14.6,-40.2,71.2279282529,6.55903583306,-18.813267581,3.06258529707
209,194.671616,168.374272,245.033984,71.8,14.1,-24.74,73.7376,22.75,-53.08,70.8780661097,13.7505455194,-29.8067321183,5.16176858163
210,52.036352,169.652992,230.565376,62.59,-39.04,-35.37,65.8264,-13.55,-57.24,66.2540883283,-23.8735039265,-33.3605257637,15.7316919983
211,206.009856,76.311808,198.51904,48.56,65.84,-38.91,54.4932,63.75,-54.28,50.501082723,74.0515157399,-38.9345029695,8.43785477943
212,255.999488,193.787136,45.30688,80.75,6.68,81.45,81.9156,7.95,67.0,81.0995990721,10.2125235076,86.0133690319,5.78145991636
213,63.732992,51.848192,57.727488,22.46,0.18,-0.91,23.092,5.7,-8.4,23.4644897877,0.86251767588,3.57910165939,4.65046920428
214,202.807808,57.265408,57.139456,44.37,54.11,35.05,46.872,55.3,27.06,46.9156729872,52.7982987336,39.0381359138,4.90981050922
215,56.233728,135.587584,52.842496,53.07,-50.87,37.83,50.2128,-42.65,29.06,55.582705427,-47.8775815115,37.025320644,3.98945683513
216,50.044928,64.835328,175.116032,28.5,29.74,-64.43,33.01,30.9,-74.54,30.6561501547,24.7996276301,-64.8558928714,5.40718479258
217,129.292544,177.551104,129.648384,70.33,-25.61,15.25,67.9956,-27.3,7.34,68.9384933075,-28.326542319,15.3217743633,3.05303858562
218,41.227776,88.395776,40.144896,35.81,-39.51,35.36,33.3,-28.15,16.96,39.2930427535,-30.9278139767,28.6342396489,11.4464560481
219,38.033152,50.76224,45.780992,17.73,-19.22,11.98,19.8672,-7.35,-4.44,20.9305460182,-11.4640448869,8.58717873609,9.05039063575
220,75.33184,51.929856,79.311104,26.51,13.07,-10.3,25.354,15.1,-20.72,24.9213308024,8.98658103208,-8.45949042965,4.75243682393
221,86.454016,47.160832,92.48768,26.4,27.36,-20.18,26.2356,25.1,-28.76,24.4698211294,18.8935644891,-16.9761944215,9.25583550622
222,98.383616,42.094592,105.197568,26.09,41.07,-29.34,27.5928,34.4,-35.56,24.6832313801,29.458707154,-24.4337482007,12.6835494332
223,106.744064,39.874816,116.2944,25.65,51.61,-36.34,29.124,40.1,-40.84,25.6240959778,36.789297615,-30.0673140942,16.0934918111
224,120.472832,87.977728,121.570816,46.29,11.61,-9.32,41.8492,18.3,-24.72,42.9373607511,11.5842115755,-10.5085005144,3.55716016632
225,136.557312,83.581184,138.16832,46.32,23.34,-17.56,43.3572,29.85,-33.32,43.0831685828,23.1901623441,-18.7631343816,3.45645212419
226,152.499712,80.577536,156.973568,46.68,34.72,-25.18,45.6076,40.15,-42.04,44.0768772673,35.5317971512,-27.2452528077,3.42060400162
227,185.101568,71.9232,195.923968,46.15,61.8,-42.18,50.6188,60.1,-58.92,46.5868217366,67.8396709066,-44.9291105434,6.65026666151
228,195.09504,166.618112,193.754368,72.12,6.18,-6.38,71.5568,13.25,-25.6,70.2591517885,6.37462362641,-7.70814700813,2.29447355562
229,209.076736,165.497344,207.789056,72.34,13.0,-10.77,73.03,21.2,-31.74,71.0650327078,13.1501919358,-12.1368043746,1.87516756908
230,220.571904,161.940992,221.436416,72.28,19.3,-15.5,73.784,29.45,-38.7,71.2150219237,21.0332976262,-17.5366428145,2.87861301983
231,241.230592,149.517824,240.528384,71.01,33.73,-23.48,74.016,45.85,-49.56,70.429909105,40.94121058,-27.0454232378,8.06537701163
232,41.251328,155.662336,221.839616,58.64,-40.55,-38.31,61.14,-9.8,-59.26,62.298453205,-20.0271583357,-36.0679164965,20.9665983952
233,194.62656,63.328768,184.832256,43.63,70.97,-40.85,50.2708,63.9,-52.3,46.1722682255,74.7604349639,-38.3776014439,5.19069162699
234,255.94624,183.58144,32.642304,78.62,9.79,89.86,79.4216,13.0,68.78,79.4175575154,13.0020798518,90.5560138757,3.38200979891
235,52.868352,41.496064,45.945856,14.44,0.38,-0.56,18.2432,5.45,-6.7,16.5798758363,0.715114069102,5.0391789127,6.00351351547
236,190.007552,45.283584,44.630784,39.59,57.85,40.6,42.812,55.05,29.92,42.5702907079,52.649006851,42.163078616,6.19481050556
237,42.235648,120.319232,40.385792,47.76,-53.86,40.62,44.4708,-41.55,29.28,50.6999618135,-46.7671127746,38.6809320972,7.91911667981
238,36.345088,50.383616,159.592704,21.3,37.26,-68.86,27.3492,33.1,-73.56,23.6058421115,28.0725360603,-65.8413364272,9.94176700855
239,44.061184,50.079232,55.178496,22.28,-11.72,4.81,20.4588,-2.0,-10.58,20.9721448453,-6.66388167321,2.44531182309,5.73293710189
240,37.382912,43.270144,52.013056,16.25,-11.15,-1.09,17.4428,-0.8,-12.7,16.2474287714,-5.57028725513,0.339857261584,5.76000804817
241,38.486784,47.243264,65.101568,18.19,-9.54,-10.96,19.4612,0.85,-19.56,19.063167498,-5.2959805479,-5.96959614701,6.60895250439
242,68.305664,44.482816,62.437888,21.43,13.33,-3.29,21.7,13.5,-13.88,20.3954093527,7.87676014167,-2.37120608539,5.62604523777
243,79.845632,38.126336,62.731264,21.0,25.97,-5.9,21.758,22.25,-13.84,19.1898761568,16.4815760649,-3.4007349529,9.97762811874
244,92.452864,36.504832,67.248384,21.15,37.23,-8.56,23.672,28.55,-14.14,20.9215216304,22.9629930147,-4.22326623132,14.9133145365
245,98.702848,38.605568,69.942784,22.14,39.52,-8.06,25.2728,30.0,-13.64,22.8640389623,24.4582892382,-3.72646117408,15.6894525795
246,117.422592,74.36928,100.260096,41.5,15.53,-4.55,37.2672,21.3,-17.14,37.9866312861,14.9476176117,-4.69299774073,3.56417975417
247,142.100736,68.032256,106.76992,41.52,31.24,-7.26,39.506,34.85,-17.92,38.9372339661,29.0539251509,-6.11497570673,3.57220999715
248,166.620672,59.804928,113.746688,41.33,47.28,-9.82,42.1508,47.7,-18.32,40.5065373234,45.231509956,-6.89714630137,3.66298730326
249,189.571328,51.703552,121.41056,40.42,64.89,-14.33,45.2364,58.35,-18.5,42.872819155,61.6692297031,-7.0434947305,8.33563687757
250,200.717568,163.077376,180.26624,72.2,7.38,-2.56,70.8144,14.75,-18.44,69.8144199763,8.17350578268,-2.31771415025,2.52573670636
251,217.908992,158.931712,185.629952,72.15,14.89,-3.64,71.6844,24.0,-20.22,70.2576276184,16.2444076182,-3.33628037252,2.34685722591
252,232.086784,155.231744,192.749824,72.02,21.39,-5.84,72.5776,32.05,-23.06,70.7241204889,23.977502683,-5.21582304778,2.96041732015
253,244.32256,148.543744,198.259456,71.48,28.84,-8.16,72.7168,40.45,-26.02,70.5208849366,33.3183804667,-7.35885624564,4.64947573652
254,31.09632,135.673856,205.920512,52.62,-40.48,-41.81,54.3076,-4.8,-60.18,56.2094477229,-14.7350503236,-38.3929614327,26.2176032727
255,178.314752,52.011264,167.341568,38.29,74.45,-41.77,45.306,61.55,-48.98,41.230869457,70.4267863374,-36.3928486059,7.33135174799
256,244.932352,157.466112,22.0022016,72.78,16.8,95.5,72.0556,21.95,65.78,73.4826370436,17.9197356173,88.5161678909,7.10784197884
257,41.43232,33.109248,36.139264,5.36,0.09,0.24,13.8468,4.0,-5.58,9.0579529579,-0.651938157513,6.18506899658,7.04053788304
258,166.101504,34.144,35.35744,33.05,58.75,46.66,36.7336,51.05,28.12,35.8440856001,47.724013019,39.5165511177,13.4316106696
259,31.52128,94.51392,31.47776,37.9,-52.45,40.63,35.0052,-34.85,23.86,41.5719020265,-38.6864487897,35.2812893097,15.2160084273
260,26.940928,41.189632,138.765824,13.65,44.7,-70.75,22.6164,30.5,-67.28,18.0030514541,24.9676343156,-58.8642509748,23.4432579296
261,32.417792,32.65664,45.577472,7.37,-1.37,-4.34,13.0928,2.9,-14.28,7.63310244123,-2.59248203498,-1.75571941882,2.87092168871
262,38.779648,33.057792,46.038528,8.94,4.77,-5.21,13.9164,5.35,-13.34,8.93743780161,-0.0215140977452,-1.22073954029,6.2348065671
263,53.502208,37.293312,51.59808,14.26,12.88,-2.37,17.2572,9.9,-12.48,14.2607395178,4.51760276224,-0.902978432195,8.49010249581
264,254.544384,247.052544,247.918848,91.44,0.09,-2.08,97.8308,0.3,-18.5,89.67111853,-4.50171497698,-1.6102775513,4.94301803187
265,245.938944,236.536064,237.953792,88.39,0.07,-1.53,94.3392,1.1,-17.94,87.4002239648,-3.16220733321,-1.30539127133,3.38781196729
266,233.294336,224.059392,227.32672,85.22,-0.11,-1.76,89.9892,1.5,-18.22,84.4241226977,-2.88997918899,-1.64752986811,2.8938476985
267,217.972224,208.171008,214.857984,81.31,-0.09,-2.63,84.4792,2.5,-19.08,80.4990651309,-2.18829431687,-2.42441941244,2.25891960463
268,201.247744,191.757568,196.65664,77.26,-0.62,-1.34,78.4936,2.25,-17.18,76.1120694761,-2.31254075239,-1.38978115666,2.04570693153
269,186.866944,175.90272,182.651904,73.11,-0.13,-1.43,72.8676,3.3,-17.08,71.7610027469,-1.46953276474,-1.53004892848,1.90372041137
270,173.2096,162.428928,168.210944,69.27,-0.65,-1.03,67.8332,3.2,-15.74,67.7634565683,-1.50058771606,-0.769230184318,1.74962095068
271,158.598656,147.549184,154.79424,64.97,-0.51,-1.24,62.2768,3.8,-15.66,63.132496,-1.0470726008,-0.945875871598,1.9368471626
272,145.80096,134.197248,143.43936,60.99,-0.21,-1.48,57.2656,4.6,-15.94,58.7711043193,-0.430866944838,-1.40034493358,2.23128330312
273,134.087424,120.668672,129.555712,56.77,0.08,-0.86,52.15,5.4,-14.62,54.1721367881,0.35187177059,-0.61150343568,2.62384413981
274,121.695232,109.531392,118.508032,52.62,0.18,-1.18,47.6144,5.15,-14.18,49.9961945525,0.113846318343,-0.455069924218,2.72291295321
275,110.140672,98.767104,109.079296,48.59,-0.07,-1.51,43.2296,5.3,-14.46,45.7708212515,0.172789960461,-0.892482887592,2.89621186463
276,99.726848,88.59392,98.52032,44.7,0.06,-1.21,39.0072,5.35,-13.64,41.5667566817,0.245900835402,-0.398266944008,3.24201840931
277,89.541632,78.69312,88.717568,40.31,0.29,-1.56,34.8312,5.5,-13.14,37.2076489612,0.383633401168,-0.163797262354,3.40334119155
278,80.702208,70.016512,80.572928,36.25,0.75,-1.58,31.1308,5.75,-12.96,33.133962903,0.594191625915,-0.187875733182,3.41642699524
279,71.949056,62.359296,72.368896,32.49,-0.12,-0.73,27.6624,5.35,-12.3,29.1891347755,0.23430175073,0.285732123793,3.47173626712
280,64.117248,54.49344,64.880128,28.48,0.7,-1.05,24.194,5.65,-12.06,24.874002407,0.502872119862,0.329209880577,3.86578555237
281,55.427072,47.173888,58.016512,24.47,0.2,-1.12,20.7488,5.35,-12.16,20.2817175832,0.164201574615,0.138038860274,4.37328856857
282,48.067584,40.955392,51.585792,20.46,0.26,-1.43,17.7328,5.0,-11.84,15.807367035,-0.186349309235,0.358198106285,5.00438544477
283,42.003968,36.236544,45.582848,16.28,0.74,-1.39,15.2968,4.25,-10.88,11.7770647147,-0.872330984735,1.25615729382,5.46609420074
284,37.997056,32.831744,41.523968,12.19,0.41,-0.81,13.5568,3.95,-10.32,8.45110365136,-1.14569094767,1.76306451823,4.79793510226
285,36.018688,32.445184,41.136384,9.86,0.13,-0.78,13.1972,3.25,-10.58,7.81177255678,-1.87879333725,1.61205044586,3.7352900378
286,34.1184,32.264704,40.814848,7.31,0.16,0.03,12.9188,2.5,-10.76,7.33699882507,-2.66769889415,1.54634548453,3.2087246066
287,34.596096,34.840064,42.67264,4.35,0.08,-0.92,13.9164,1.35,-10.74,9.61234532958,-3.88270012761,1.75372203383,7.10943458956
